# Blender 5.0.1
# www.blender.org
mtllib mygun.mtl
o Plane
v -2.192892 0.075032 -0.136973
v -1.972863 0.073730 -0.152192
v -1.867583 0.073160 -0.152192
v -2.085374 0.074640 -0.152192
v -2.200442 0.121096 -0.152258
v -1.979687 0.115045 -0.152275
v -1.873466 0.121141 -0.152258
v -2.092199 0.115045 -0.152275
v -2.216562 0.170606 -0.152275
v -1.863870 0.170663 -0.152275
v -2.218767 0.224176 -0.152275
v -1.864137 0.224234 -0.152275
v -2.219715 0.281045 -0.152275
v -1.862691 0.281103 -0.152275
v -2.208184 0.338824 -0.152275
v -1.851444 0.338882 -0.152275
v -2.192990 0.400015 -0.152275
v -1.840937 0.400071 -0.152275
v -2.167407 0.463595 -0.152275
v -1.823099 0.463647 -0.152275
v -2.143942 0.519553 -0.152275
v -1.801302 0.519605 -0.152275
v -2.112202 0.596098 -0.152275
v -1.773215 0.596149 -0.152275
v -2.086837 0.646568 -0.152275
v -1.662369 0.639132 -0.131256
v -1.744093 0.650234 -0.152258
v -1.877491 0.717734 -0.152459
v -1.771324 0.720170 -0.152405
v -1.970393 0.717734 -0.152459
v -2.035627 0.767820 -0.152192
v -1.852306 0.766188 -0.152192
v -1.771814 0.765141 -0.152192
v -1.947634 0.766188 -0.152192
v -2.008869 0.806270 -0.152192
v -1.815163 0.806320 -0.152192
v -1.715410 0.807654 -0.152192
v -1.914089 0.806320 -0.152192
v -2.000598 0.862459 -0.152192
v -1.804225 0.862508 -0.152192
v -1.703348 0.864682 -0.152192
v -1.904556 0.862508 -0.152192
v -2.010750 0.923579 -0.152192
v -1.794385 0.923686 -0.152192
v -1.685884 0.924322 -0.152192
v -1.900434 0.923686 -0.152192
v -2.126621 0.916839 -0.130690
v -2.014503 0.984545 -0.152192
v -1.783464 0.984659 -0.152192
v -1.643038 0.984908 -0.152192
v -2.159645 0.992192 -0.133168
v -2.010486 1.061273 -0.152192
v -1.768396 1.053062 -0.152192
v -1.645766 1.053062 -0.152192
v -1.881444 1.053062 -0.152192
v -2.196423 1.139405 -0.133168
v -2.237176 1.184789 -0.133168
v -2.216090 1.234470 -0.133168
v -2.225468 1.277621 -0.133168
v -2.243416 1.328257 -0.133168
v -2.272214 1.381827 -0.133168
v -2.270008 1.420293 -0.126827
v -2.151913 1.426663 -0.126827
v -2.115039 1.414447 -0.133168
v -2.060718 1.425571 -0.133168
v -1.741172 1.189137 -0.156131
v -1.609353 1.203014 -0.157444
v -1.840090 1.189137 -0.152192
v -1.675601 1.322005 -0.154375
v -1.561841 1.309766 -0.154169
v -1.788089 1.322483 -0.152192
v -1.852371 1.436606 -0.133168
v -1.620583 1.435766 -0.133168
v -1.502425 1.436093 -0.133168
v -1.733837 1.435820 -0.133168
v -1.989785 1.440616 -0.133168
v -1.359453 1.435277 -0.130833
v -1.154935 1.423672 -0.121492
v -0.402722 1.328657 -0.151724
v -0.464813 1.423169 -0.121492
v -0.284700 1.440653 -0.135105
v -0.160749 1.304577 -0.136973
v -0.170142 1.438305 -0.133168
v -1.609353 1.203014 -0.157444
v -0.164844 1.183524 -0.152192
v -0.160813 1.182545 -0.136973
v -2.179801 1.424820 -0.133168
v -0.916300 1.055823 -0.152192
v -0.848344 1.322484 -0.154214
v -0.284875 1.196441 -0.156131
v -0.362947 1.059377 -0.136973
v -0.285849 1.170849 -0.156131
v -1.259419 1.056014 -0.152192
v -1.109541 1.334464 -0.151537
v -1.275385 1.010310 -0.152192
v -1.015180 1.019033 -0.136973
v -1.099698 0.890787 -0.073370
v -1.143133 0.954654 -0.093318
v -1.053556 0.953170 -0.090558
v -1.056235 0.988223 -0.128028
v -1.267431 0.986078 -0.138280
v -1.102897 0.787699 -0.051277
v -1.138791 0.725878 -0.053712
v -1.225257 0.678948 -0.053712
v -1.337819 0.658159 -0.053712
v -1.442126 0.665791 -0.053712
v -1.549119 0.698260 -0.065173
v -1.608047 0.675753 -0.122744
v -1.605772 0.744784 -0.133223
v -1.632563 0.803856 -0.142392
v -1.609989 0.875349 -0.139942
v -1.571651 0.928238 -0.139942
v -1.496100 0.972284 -0.139942
v -0.255886 1.478224 -0.126827
v -0.195878 1.476820 -0.126827
v -1.465668 1.054545 -0.152192
v -1.380184 1.340500 -0.153708
v -1.465081 1.000807 -0.152192
v -1.399131 0.983754 -0.139942
v -0.107250 1.348313 -0.060380
v -0.210949 1.348313 -0.083181
v -0.107250 1.360938 -0.059137
v -0.210949 1.365386 -0.081500
v -0.107250 1.373078 -0.055454
v -0.210949 1.381804 -0.076520
v -0.107250 1.384266 -0.049474
v -0.210949 1.396934 -0.068432
v -0.107250 1.394072 -0.041426
v -0.210949 1.410195 -0.057549
v -0.107250 1.402120 -0.031620
v -0.210949 1.421079 -0.044287
v -0.107250 1.408100 -0.020432
v -0.210949 1.429166 -0.029157
v -0.107250 1.411635 -0.008833
v -0.210949 1.433864 -0.013462
v -0.107250 1.284992 -0.008833
v -0.210949 1.262762 -0.013462
v -0.107250 1.288526 -0.020432
v -0.210949 1.267460 -0.029157
v -0.107250 1.294506 -0.031620
v -0.210949 1.275548 -0.044287
v -0.107250 1.302554 -0.041426
v -0.210949 1.286431 -0.057549
v -0.107250 1.312361 -0.049474
v -0.210949 1.299693 -0.068433
v -0.107250 1.323549 -0.055454
v -0.210949 1.314823 -0.076520
v -0.107250 1.335688 -0.059137
v -0.210949 1.331240 -0.081500
v -0.129776 1.152370 -0.025029
v -0.185048 1.152371 -0.044578
v -0.129776 1.158099 -0.024465
v -0.185048 1.161913 -0.043638
v -0.129776 1.163607 -0.022794
v -0.185048 1.171088 -0.040855
v -0.129776 1.168683 -0.020081
v -0.185048 1.179544 -0.036335
v -0.129776 1.173133 -0.016429
v -0.185048 1.186956 -0.030252
v -0.129776 1.176784 -0.011980
v -0.185048 1.193039 -0.022841
v -0.129776 1.179497 -0.006903
v -0.185048 1.197559 -0.014384
v -0.129776 1.181104 0.000000
v -0.185048 1.200184 -0.005931
v -0.116390 1.125717 0.000000
v -0.189150 1.104440 -0.005107
v -0.129776 1.125243 -0.006903
v -0.185048 1.107183 -0.014384
v -0.129776 1.127957 -0.011980
v -0.185048 1.111703 -0.022841
v -0.129776 1.131608 -0.016429
v -0.185048 1.117785 -0.030252
v -0.129776 1.136058 -0.020081
v -0.185048 1.125197 -0.036335
v -0.129776 1.141134 -0.022794
v -0.185048 1.133653 -0.040855
v -0.129776 1.146642 -0.024465
v -0.185048 1.142828 -0.043638
v -0.188579 1.057953 -0.126827
v -0.147794 1.099520 -0.133168
v -0.828939 1.031924 -0.124582
v -0.834772 1.041761 -0.150475
v -0.921091 1.029620 -0.131451
v -0.388100 1.043685 -0.131451
v -0.412496 1.032704 -0.117668
v -0.086171 1.348313 -0.080027
v -0.086171 1.364771 -0.078406
v -0.086171 1.380596 -0.073605
v -0.086171 1.395181 -0.065810
v -0.086171 1.407965 -0.055318
v -0.086171 1.418456 -0.042535
v -0.086171 1.426252 -0.027950
v -0.086171 1.430841 -0.012666
v -0.081767 1.265014 -0.011418
v -0.086171 1.270375 -0.027950
v -0.086171 1.278171 -0.042535
v -0.086171 1.288662 -0.055318
v -0.086171 1.301445 -0.065810
v -0.086171 1.316030 -0.073605
v -0.086171 1.331856 -0.078406
v -0.351472 1.348313 -0.056986
v -0.351472 1.360276 -0.055808
v -0.351472 1.371779 -0.052318
v -0.351472 1.382380 -0.046652
v -0.351472 1.391672 -0.039026
v -0.351472 1.399298 -0.029734
v -0.351472 1.404965 -0.019133
v -0.351472 1.408256 -0.008352
v -0.365839 1.288224 -0.007227
v -0.351472 1.291662 -0.019133
v -0.351472 1.297328 -0.029734
v -0.351472 1.304954 -0.039026
v -0.351472 1.314246 -0.046652
v -0.351472 1.324847 -0.052318
v -0.351472 1.336351 -0.055808
v -0.115310 1.152371 -0.041837
v -0.115310 1.161378 -0.040950
v -0.115310 1.170039 -0.038323
v -0.115310 1.178022 -0.034056
v -0.115310 1.185018 -0.028314
v -0.115310 1.190760 -0.021318
v -0.115310 1.195027 -0.013336
v -0.115310 1.197536 -0.005216
v -0.115310 1.109715 -0.013336
v -0.115310 1.113981 -0.021318
v -0.115310 1.119723 -0.028314
v -0.115310 1.126720 -0.034056
v -0.115310 1.134702 -0.038323
v -0.115310 1.143363 -0.040950
v -0.281486 1.152370 -0.022167
v -0.281486 1.157540 -0.021658
v -0.281486 1.162511 -0.020150
v -0.281486 1.167093 -0.017701
v -0.281486 1.171109 -0.014405
v -0.281486 1.174404 -0.010390
v -0.281486 1.176853 -0.005808
v -0.281486 1.178276 0.000000
v -0.281486 1.126465 0.000000
v -0.281486 1.127887 -0.005808
v -0.281486 1.130336 -0.010389
v -0.281486 1.133632 -0.014405
v -0.281486 1.137648 -0.017701
v -0.281486 1.142229 -0.020150
v -0.281486 1.147201 -0.021658
v -2.319047 0.078706 -0.074874
v -2.262670 0.079103 -0.125314
v -2.326210 0.120333 -0.086044
v -2.269814 0.120731 -0.144338
v -2.329711 0.169809 -0.086044
v -2.273249 0.170206 -0.144338
v -2.332513 0.223375 -0.086045
v -2.275816 0.223774 -0.144338
v -2.334186 0.280239 -0.086045
v -2.277138 0.280641 -0.144338
v -2.322581 0.338019 -0.086045
v -2.265235 0.338423 -0.144338
v -2.305976 0.399219 -0.086045
v -2.248491 0.399624 -0.144338
v -2.278164 0.462815 -0.086045
v -2.220758 0.463219 -0.144338
v -2.254088 0.518777 -0.086045
v -2.196443 0.519183 -0.144338
v -2.221317 0.595330 -0.086045
v -2.163737 0.595736 -0.144338
v -2.193595 0.647639 -0.086045
v -2.136011 0.648044 -0.144338
v -2.170146 0.708964 -0.086045
v -2.116459 0.709342 -0.144338
v -2.146405 0.765475 -0.086045
v -2.091058 0.765857 -0.144338
v -2.134389 0.805570 -0.086045
v -2.076200 0.805931 -0.144338
v -2.079748 0.862051 -0.144338
v -2.131196 0.861446 -0.081161
v -1.755072 0.072819 -0.090294
v -1.805299 0.072994 -0.145046
v -1.762242 0.121187 -0.090294
v -1.812495 0.121187 -0.145046
v -1.765341 0.170663 -0.090294
v -1.815633 0.170663 -0.145046
v -1.765088 0.224234 -0.090294
v -1.815534 0.224234 -0.145046
v -1.763010 0.281103 -0.090294
v -1.813677 0.281103 -0.145046
v -1.751828 0.338882 -0.090294
v -1.802631 0.338882 -0.145046
v -1.742550 0.400071 -0.090294
v -1.793329 0.400071 -0.145046
v -1.726652 0.463647 -0.090294
v -1.777240 0.463647 -0.145046
v -1.705387 0.519605 -0.090294
v -1.756089 0.519605 -0.145046
v -1.721356 0.596149 -0.145046
v -1.678199 0.596149 -0.097439
v -1.985453 0.172673 -0.168938
v -2.093925 0.172673 -0.168938
v -1.986282 0.224234 -0.168938
v -2.095344 0.224234 -0.168938
v -1.985675 0.281103 -0.168938
v -2.095459 0.281103 -0.168938
v -1.974348 0.338882 -0.168938
v -2.084039 0.338882 -0.168938
v -1.962248 0.400071 -0.168939
v -2.070503 0.400071 -0.168939
v -1.941748 0.463647 -0.168939
v -2.047670 0.463647 -0.168939
v -1.919413 0.519605 -0.168938
v -2.024767 0.519605 -0.168938
v -1.890084 0.596149 -0.168939
v -1.994330 0.596149 -0.168939
v -1.867733 0.646618 -0.168939
v -1.970456 0.646618 -0.168939
v -2.072010 0.693183 -0.154285
v -2.048697 0.710210 -0.152459
v -2.062889 0.726851 -0.152192
v -2.083745 0.710058 -0.152192
v -2.057937 0.693371 -0.165019
v -2.044947 0.707932 -0.156405
v -1.880182 0.708540 -0.155885
v -1.876864 0.691367 -0.167112
v -1.801825 0.710364 -0.153970
v -1.973443 0.691369 -0.167112
v -1.973471 0.708540 -0.155885
v -2.334257 0.120277 0.000000
v -2.337770 0.169752 0.000000
v -2.340600 0.223318 0.000000
v -2.342319 0.280182 0.000000
v -2.330774 0.337961 0.000000
v -2.314239 0.399161 0.000000
v -2.286498 0.462756 0.000000
v -2.262467 0.518718 0.000000
v -2.229728 0.595271 0.000000
v -2.202005 0.647579 0.000000
v -2.178531 0.708905 0.000000
v -2.154756 0.765417 0.000000
v -2.142701 0.805520 0.000000
v -2.136608 0.851511 0.000000
v -2.148505 0.922581 0.000000
v -2.180142 0.991830 0.000000
v -2.267638 1.185383 0.000000
v -2.251601 1.221142 0.000000
v -2.236315 1.265363 0.000000
v -2.251328 1.321049 0.000000
v -2.278898 1.379737 0.000000
v -2.270231 1.421911 0.000000
v -2.152364 1.427234 0.000000
v -2.107665 1.416043 0.000000
v -2.052115 1.432284 0.000000
v -1.844314 1.452245 0.000000
v -1.612322 1.451351 0.000000
v -1.494163 1.451679 0.000000
v -1.725575 1.451405 0.000000
v -1.978248 1.452380 0.000000
v -1.354208 1.451275 0.000000
v -1.161370 1.437386 0.000000
v -0.473162 1.437188 0.000000
v -0.299478 1.454111 0.000000
v -2.181503 1.428599 0.000000
v -0.257167 1.479362 0.000000
v -0.195878 1.476820 0.000000
v -0.106905 1.411827 0.000000
v -0.210489 1.434370 0.000000
v -0.085826 1.431220 0.000000
v -0.351012 1.408512 0.000000
v -2.333912 0.120030 0.000000
v -2.337425 0.169505 0.000000
v -2.340254 0.223071 0.000000
v -2.341973 0.279935 0.000000
v -2.330429 0.337714 0.000000
v -2.313893 0.398914 0.000000
v -2.286153 0.462509 0.000000
v -2.262122 0.518471 0.000000
v -2.229382 0.595024 0.000000
v -2.201660 0.647332 0.000000
v -2.178185 0.708658 0.000000
v -2.154411 0.765169 0.000000
v -2.142355 0.805273 0.000000
v -2.136974 0.861428 0.000000
v -2.134104 0.860350 -0.066692
v -2.151959 0.936461 0.000000
v -2.179369 0.993700 0.000000
v -2.223665 1.144485 0.000000
v -2.202020 1.184073 0.000000
v -2.185733 1.220105 0.000000
v -2.235950 1.264508 0.000000
v -2.250144 1.319830 0.000000
v -2.211210 1.377700 0.000000
v -2.204022 1.418645 0.000000
v -2.149610 1.425015 0.000000
v -2.105298 1.416280 0.000000
v -2.049794 1.431020 0.000000
v -1.843775 1.450998 0.000000
v -1.610364 1.449950 0.000000
v -1.490502 1.450387 0.000000
v -1.723686 1.450023 0.000000
v -1.972778 1.449807 0.000000
v -1.355207 1.448976 0.000000
v -1.125754 1.436775 0.000000
v -0.505078 1.436512 0.000000
v -0.299444 1.453283 0.000000
v -2.179546 1.427199 0.000000
v -0.268234 1.474499 0.000000
v -0.119313 1.411504 0.000000
v -0.194197 1.433216 0.000000
v -0.091208 1.428742 0.000000
v -0.320668 1.407359 0.000000
v -2.331689 0.118705 0.000000
v -2.335464 0.168294 0.000000
v -2.338359 0.221822 0.000000
v -2.339275 0.278534 0.000000
v -2.328432 0.336465 0.000000
v -2.311249 0.397741 0.000000
v -2.284618 0.460387 0.000000
v -2.259552 0.518625 0.000000
v -2.227771 0.591879 0.000000
v -2.199907 0.646762 0.000000
v -2.176069 0.707026 0.000000
v -2.153104 0.762721 0.000000
v -2.140558 0.804920 0.000000
v -2.135097 0.845115 0.000000
v -0.210949 1.261927 0.000000
v -0.185048 1.104090 0.000000
v -0.093511 1.261927 0.000000
v -0.408937 1.287785 0.000000
v -0.117802 1.105992 0.000000
v -0.317182 1.126212 0.000000
v -0.103419 1.281593 0.000000
v -0.082054 1.272530 0.000000
v -0.351472 1.287785 0.000000
v -0.196270 1.261927 0.000000
v -0.176843 1.104090 0.000000
v -0.103998 1.261927 0.000000
v -0.408937 1.287785 0.000000
v -0.317182 1.126212 0.000000
v -2.177997 0.021689 0.000000
v -2.207556 0.063390 0.000000
v -1.971725 -0.000621 -0.000000
v -1.868852 -0.005088 -0.000000
v -2.084237 0.006051 0.000000
v -1.642542 0.642008 0.000000
v -0.145096 1.317843 0.000000
v -0.153499 1.433878 0.000000
v -0.144788 1.185156 0.000000
v -0.290407 1.052487 0.000000
v -0.987304 1.015362 0.000000
v -1.041819 0.887051 0.000000
v -1.043381 0.951308 0.000000
v -1.020295 0.988411 0.000000
v -1.047027 0.790726 0.000000
v -1.057217 0.728365 0.000000
v -1.139556 0.678624 0.000000
v -1.260181 0.640741 0.000000
v -1.407136 0.634874 0.000000
v -1.544154 0.658017 0.000000
v -1.608232 0.662761 0.000000
v -0.188579 1.057953 0.000000
v -0.148774 1.090097 0.000000
v -0.805111 1.030138 0.000000
v -0.925707 1.027342 0.000000
v -0.314911 1.043529 0.000000
v -0.412496 1.032704 0.000000
v -2.309865 0.072848 0.000000
v -2.261514 0.073188 0.000000
v -1.756341 0.005545 0.000000
v -1.804008 -0.006965 -0.000000
v -1.748219 0.067864 0.000000
v -1.754740 0.121263 0.000000
v -1.757952 0.170852 0.000000
v -1.757844 0.224385 0.000000
v -1.755177 0.281103 0.000000
v -1.744781 0.339033 0.000000
v -1.734830 0.400298 0.000000
v -1.719094 0.462927 0.000000
v -1.697685 0.521159 0.000000
v -1.670834 0.594405 0.000000
v -2.325634 0.076075 0.000000
v -0.138700 1.182216 0.000000
v -0.176843 1.200651 0.000000
v -0.119413 1.196964 0.000000
v -0.263638 1.178529 0.000000
v -0.176843 1.104090 0.000000
v -2.177147 0.139869 -0.166258
v -2.190175 0.129111 -0.154784
v -1.983892 0.139162 -0.166928
v -1.980936 0.122969 -0.154784
v -1.899082 0.139869 -0.166258
v -1.884886 0.129111 -0.154784
v -2.093448 0.122969 -0.154784
v -2.092285 0.139162 -0.166928
v -2.182132 0.172673 -0.166928
v -2.206407 0.170663 -0.154784
v -1.872748 0.170663 -0.154784
v -1.897215 0.172673 -0.166928
v -2.184039 0.224234 -0.166928
v -2.208539 0.224234 -0.154784
v -1.873087 0.224234 -0.154784
v -1.897552 0.224234 -0.166928
v -2.184733 0.281103 -0.166928
v -2.209396 0.281103 -0.154784
v -1.871738 0.281103 -0.154784
v -1.896360 0.281103 -0.166928
v -2.173177 0.338882 -0.166928
v -2.197911 0.338882 -0.154784
v -1.860477 0.338882 -0.154784
v -1.885163 0.338882 -0.166928
v -2.158326 0.400071 -0.166928
v -2.182971 0.400071 -0.154784
v -1.849780 0.400071 -0.154784
v -1.874371 0.400071 -0.166928
v -2.133462 0.463647 -0.166928
v -2.157844 0.463647 -0.154784
v -1.831573 0.463647 -0.154784
v -1.855905 0.463647 -0.166928
v -2.109949 0.519605 -0.166928
v -2.134409 0.519605 -0.154784
v -1.809771 0.519605 -0.154784
v -1.834202 0.519605 -0.166928
v -2.078552 0.596149 -0.166928
v -2.102894 0.596149 -0.154784
v -1.781519 0.596149 -0.154784
v -1.805860 0.596149 -0.166928
v -2.077960 0.642392 -0.156794
v -2.055749 0.642392 -0.166928
v -2.072338 0.662264 -0.166258
v -1.761639 0.648442 -0.154968
v -1.785078 0.646618 -0.166928
v -1.803066 0.689900 -0.166503
v -1.781936 0.697198 -0.156516
v -2.177997 0.016192 -0.107464
v -2.177997 0.040415 -0.147353
v -1.971725 0.002776 -0.111261
v -1.971725 0.029670 -0.148543
v -1.866443 -0.001712 -0.111100
v -1.866444 0.025749 -0.148516
v -2.084237 0.035586 -0.148558
v -2.084237 0.009600 -0.111353
v -1.756342 0.024266 -0.099537
v -1.756341 -0.003441 -0.068713
v -1.804147 0.024174 -0.141331
v -1.804140 -0.003452 -0.103722
v -1.055849 0.881559 -0.079553
v -1.042379 0.880518 -0.064435
v -1.043580 0.907651 -0.088092
v -1.062813 0.790168 -0.062142
v -1.048509 0.790651 -0.048666
v -1.078672 0.727718 -0.059322
v -1.058736 0.728322 -0.045851
v -1.159805 0.677965 -0.059323
v -1.139889 0.678253 -0.045856
v -1.277545 0.643380 -0.059323
v -1.260017 0.639516 -0.045860
v -1.414012 0.640187 -0.059324
v -1.407305 0.633464 -0.045861
v -1.542950 0.659289 -0.048079
v -1.542652 0.664934 -0.060360
v -1.572227 0.664535 -0.078359
v -2.253282 1.148075 -0.133168
v -1.750244 1.116391 -0.153023
v -1.863292 1.116391 -0.152192
v -1.630222 1.108611 -0.153230
v -1.992675 1.120917 -0.152192
v -0.388426 1.116391 -0.153230
v -1.248130 1.108611 -0.153230
v -0.900516 1.108611 -0.153230
v -1.452042 1.108611 -0.153230
v -2.283402 1.152354 0.000000
v -2.281445 1.150953 0.000000
v -1.712506 1.190827 -0.178557
v -1.609268 1.186282 -0.180431
v -1.435026 1.173750 -0.183706
v -1.387244 1.206214 -0.184557
v -1.588999 1.194987 -0.178793
v -0.975620 1.206016 -0.184557
v -0.382594 1.194018 -0.179767
v -0.383294 1.173750 -0.179767
v -1.233652 1.173750 -0.183706
v -1.231182 1.195162 -0.184556
v -1.668896 1.293135 -0.172314
v -1.554667 1.290298 -0.174760
v -0.379917 1.291390 -0.181283
v -0.378863 1.318893 -0.167652
v -0.463108 1.318335 -0.177245
v -0.860488 1.320078 -0.165229
v -0.958322 1.275973 -0.184557
v -1.198082 1.287630 -0.184557
v -1.106612 1.321363 -0.166986
v -1.362691 1.277177 -0.184557
v -1.386354 1.319903 -0.166678
v -1.730249 1.120259 -0.162982
v -1.723694 1.142236 -0.179838
v -1.620498 1.141577 -0.180805
v -1.627036 1.119292 -0.162361
v -0.412181 1.142236 -0.179838
v -0.414229 1.120259 -0.162982
v -1.240784 1.141577 -0.180805
v -1.245733 1.119292 -0.162361
v -0.898709 1.119292 -0.162361
v -0.895046 1.141577 -0.180805
v -1.443431 1.141577 -0.180805
v -1.449252 1.119292 -0.162361
v -1.232557 1.180990 -0.183706
v -0.883293 1.186086 -0.183706
v -1.426866 1.193144 -0.183706
v -0.875516 1.290736 -0.181768
v -1.196124 1.304220 -0.181283
v -1.393359 1.292696 -0.180988
v -1.376185 1.212260 -0.189374
v -0.989610 1.211996 -0.189374
v -1.226675 1.208497 -0.189657
v -0.974185 1.270043 -0.189374
v -1.202598 1.274295 -0.189657
v -1.355404 1.271098 -0.189374
v -1.566161 1.320388 -0.122105
v -1.586471 1.320388 -0.084108
v -1.598977 1.320388 -0.042879
v -1.603200 1.320388 0.000000
v -1.598977 1.320388 0.042875
v -1.586471 1.320388 0.084103
v -1.566161 1.320388 0.122100
v -1.200683 1.320388 0.122100
v -1.180373 1.320388 0.084103
v -1.167866 1.320388 0.042875
v -1.163643 1.320388 0.000000
v -1.167866 1.320388 -0.042879
v -1.180373 1.320388 -0.084108
v -1.200683 1.320388 -0.122105
v -1.228015 1.320388 -0.155410
v -1.725485 0.665970 -0.153113
v -1.676351 0.704008 -0.153113
v -1.725069 0.669353 -0.153420
v -1.730370 0.671079 -0.153420
v -1.735787 0.673968 -0.153420
v -1.740527 0.677860 -0.153420
v -1.744421 0.682605 -0.153420
v -1.747308 0.688016 -0.153420
v -1.749089 0.693884 -0.153420
v -1.749694 0.699989 -0.153420
v -1.749085 0.706095 -0.153420
v -1.747305 0.711966 -0.153420
v -1.744417 0.717378 -0.153420
v -1.740523 0.722121 -0.153420
v -1.735788 0.726014 -0.153420
v -1.730369 0.728905 -0.153420
v -1.724495 0.730688 -0.153420
v -1.718385 0.731287 -0.153420
v -1.712286 0.730687 -0.153420
v -1.706416 0.728906 -0.153420
v -1.701005 0.726013 -0.153420
v -1.696263 0.722120 -0.153420
v -1.692372 0.717378 -0.153420
v -1.689477 0.711967 -0.153420
v -1.687699 0.706095 -0.153420
v -1.687083 0.700214 -0.153420
v -1.717946 0.668653 -0.153420
v -1.687785 0.693083 -0.153420
v -1.689480 0.688014 -0.153420
v -1.692379 0.682602 -0.153420
v -1.696265 0.677861 -0.153420
v -1.701016 0.673967 -0.153420
v -1.706430 0.671076 -0.153420
v -1.712299 0.669296 -0.153420
v -1.721682 0.669465 -0.158638
v -1.687971 0.695675 -0.158638
v -1.724007 0.673663 -0.161093
v -1.728683 0.675159 -0.161093
v -1.733337 0.677639 -0.161093
v -1.737405 0.680981 -0.161093
v -1.740750 0.685056 -0.161093
v -1.743229 0.689704 -0.161093
v -1.744760 0.694747 -0.161093
v -1.745280 0.699987 -0.161093
v -1.744755 0.705232 -0.161093
v -1.743226 0.710279 -0.161093
v -1.740746 0.714926 -0.161093
v -1.737400 0.719001 -0.161093
v -1.733336 0.722344 -0.161093
v -1.728681 0.724826 -0.161093
v -1.723634 0.726359 -0.161093
v -1.718386 0.726873 -0.161093
v -1.713147 0.726358 -0.161093
v -1.708105 0.724828 -0.161093
v -1.703458 0.722343 -0.161093
v -1.699384 0.718998 -0.161093
v -1.696042 0.714926 -0.161093
v -1.693555 0.710277 -0.161093
v -1.692029 0.705238 -0.161093
v -1.691509 0.700099 -0.161093
v -1.718118 0.673085 -0.161093
v -1.692090 0.694205 -0.161093
v -1.693557 0.689703 -0.161093
v -1.696050 0.685055 -0.161093
v -1.699385 0.680983 -0.161093
v -1.703467 0.677638 -0.161093
v -1.708118 0.675155 -0.161093
v -1.713159 0.673625 -0.161093
v -1.721309 0.673277 -0.161093
v -1.724811 0.669918 -0.158638
v -1.730144 0.671626 -0.158638
v -1.735460 0.674459 -0.158638
v -1.740109 0.678278 -0.158638
v -1.743930 0.682933 -0.158638
v -1.746762 0.688242 -0.158638
v -1.748510 0.694000 -0.158638
v -1.749104 0.699988 -0.158638
v -1.748504 0.705980 -0.158638
v -1.746759 0.711740 -0.158638
v -1.743926 0.717050 -0.158638
v -1.740104 0.721703 -0.158638
v -1.735461 0.725522 -0.158638
v -1.730143 0.728359 -0.158638
v -1.724380 0.730109 -0.158638
v -1.718385 0.730696 -0.158638
v -1.712401 0.730108 -0.158638
v -1.706642 0.728360 -0.158638
v -1.701333 0.725521 -0.158638
v -1.696680 0.721702 -0.158638
v -1.692864 0.717050 -0.158638
v -1.690023 0.711740 -0.158638
v -1.688279 0.705981 -0.158638
v -1.687680 0.700159 -0.158638
v -1.691782 0.696052 -0.161093
v -1.718058 0.669255 -0.158638
v -1.688346 0.693398 -0.158638
v -1.690024 0.688240 -0.158638
v -1.692872 0.682930 -0.158638
v -1.696681 0.678280 -0.158638
v -1.701345 0.674458 -0.158638
v -1.706656 0.671622 -0.158638
v -1.712414 0.669875 -0.158638
v -1.717637 0.676631 -0.170299
v -1.696028 0.693395 -0.170299
v -1.723998 0.674347 -0.169788
v -1.728422 0.675790 -0.169788
v -1.732956 0.678208 -0.169788
v -1.736922 0.681464 -0.169788
v -1.740181 0.685435 -0.169788
v -1.742598 0.689966 -0.169788
v -1.744090 0.694880 -0.169788
v -1.744596 0.699987 -0.169788
v -1.744085 0.705099 -0.169788
v -1.742595 0.710017 -0.169788
v -1.740177 0.714547 -0.169788
v -1.736917 0.718518 -0.169788
v -1.732955 0.721775 -0.169788
v -1.728420 0.724195 -0.169788
v -1.723501 0.725688 -0.169788
v -1.718386 0.726189 -0.169788
v -1.713280 0.725687 -0.169788
v -1.708367 0.724197 -0.169788
v -1.703838 0.721775 -0.169788
v -1.699868 0.718515 -0.169788
v -1.696610 0.714546 -0.169788
v -1.694187 0.710016 -0.169788
v -1.692700 0.705105 -0.169788
v -1.692189 0.700134 -0.169788
v -1.718027 0.673759 -0.169788
v -1.692777 0.694159 -0.169788
v -1.694190 0.689965 -0.169788
v -1.696617 0.685435 -0.169788
v -1.699870 0.681466 -0.169788
v -1.703846 0.678207 -0.169788
v -1.708380 0.675786 -0.169788
v -1.713292 0.674296 -0.169788
v -1.181284 0.965339 0.000000
v -1.047982 0.954762 0.000000
v -1.299431 0.978556 -0.011129
v -1.113489 0.767265 0.000000
v -1.151479 0.725840 0.000000
v -1.237119 0.680015 0.000000
v -1.347656 0.661879 0.000000
v -1.447391 0.671251 0.000000
v -1.545620 0.703701 0.000000
v -1.593386 0.760195 -0.011925
v -1.603252 0.816217 -0.012649
v -1.595525 0.876852 -0.012649
v -1.553671 0.928794 -0.012649
v -1.467023 0.967386 -0.011671
v -1.387588 0.976363 -0.005807
v -1.042529 0.885100 0.000000
v -1.043381 0.951308 0.000000
v -1.026596 0.980431 0.000000
v -1.046555 0.792894 0.000000
v -1.046512 0.741727 0.000000
v -1.107598 0.888954 0.000000
v -1.129707 0.943115 0.000000
v -1.102800 0.810719 0.000000
v -1.300942 0.980341 -0.055852
v -1.167317 0.962879 -0.043274
v -1.110162 0.771987 -0.014200
v -1.149467 0.725572 -0.012194
v -1.594913 0.760732 -0.054206
v -1.387648 0.977809 -0.065340
v -1.467504 0.969262 -0.058125
v -1.548636 0.702260 -0.018195
v -1.555952 0.928874 -0.060208
v -1.348917 0.660698 -0.012194
v -1.446416 0.670464 -0.012194
v -1.603601 0.815627 -0.060208
v -1.597001 0.877523 -0.060208
v -1.325920 0.986576 0.000000
v -1.235751 0.678647 -0.012194
v -1.337605 0.948469 -0.016995
v -1.430712 0.942327 -0.016995
v -1.384004 0.945408 -0.012963
v -1.337605 0.948469 -0.041535
v -1.384004 0.945408 -0.045566
v -1.430712 0.942327 -0.041535
v -1.344028 0.900777 -0.021792
v -1.399843 0.897095 -0.021792
v -1.371840 0.898942 -0.019610
v -1.344028 0.900777 -0.036737
v -1.371840 0.898942 -0.038920
v -1.399843 0.897095 -0.036737
v -1.342319 0.866508 -0.023059
v -1.389880 0.863370 -0.023059
v -1.366022 0.864944 -0.020876
v -1.342319 0.866508 -0.035471
v -1.366022 0.864944 -0.037654
v -1.389880 0.863370 -0.035471
v -1.324200 0.825237 -0.024330
v -1.361245 0.822793 -0.024330
v -1.342659 0.824019 -0.022831
v -1.324200 0.825237 -0.034199
v -1.342659 0.824019 -0.035698
v -1.361245 0.822793 -0.034199
v -1.295538 0.788457 -0.024287
v -1.333493 0.785953 -0.024287
v -1.314453 0.787209 -0.022596
v -1.295538 0.788457 -0.034243
v -1.314453 0.787209 -0.035934
v -1.333493 0.785953 -0.034243
v -1.253223 0.754291 -0.024191
v -1.291805 0.751746 -0.024191
v -1.272450 0.753022 -0.022500
v -1.253223 0.754291 -0.034339
v -1.272450 0.753022 -0.036030
v -1.291805 0.751746 -0.034339
v -1.216929 0.734060 -0.024755
v -1.253673 0.731636 -0.024755
v -1.233378 0.731929 -0.024191
v -1.216929 0.734060 -0.033775
v -1.233378 0.731929 -0.034339
v -1.253673 0.731636 -0.033775
v -1.996212 0.939054 -0.171558
v -1.807323 0.939147 -0.171558
v -1.900442 0.939147 -0.171558
v -1.999017 0.984616 -0.171558
v -1.798629 0.987686 -0.171558
v -1.995863 1.044850 -0.171558
v -1.787634 1.037601 -0.171558
v -1.881936 1.037601 -0.171558
v -1.900434 0.923686 -0.171558
v -2.010750 0.923579 -0.171558
v -1.794385 0.923686 -0.171558
v -1.783464 0.984659 -0.171558
v -2.014503 0.984545 -0.171558
v -1.881444 1.053062 -0.171558
v -2.010486 1.061273 -0.171558
v -1.768396 1.053062 -0.171558
v -1.996212 0.939054 -0.143796
v -1.807323 0.939147 -0.143796
v -1.900442 0.939147 -0.143796
v -1.999017 0.984616 -0.143796
v -1.798629 0.987686 -0.143796
v -1.895628 0.984659 -0.143796
v -1.995863 1.044850 -0.143796
v -1.787634 1.037601 -0.143796
v -1.881936 1.037601 -0.143796
v -2.238111 1.186622 -0.147782
v -2.217025 1.236303 -0.147782
v -2.226403 1.279454 -0.147782
v -2.244351 1.330090 -0.147782
v -2.273149 1.383661 -0.147782
v -2.270943 1.422127 -0.141441
v -2.216531 1.428496 -0.141441
v -2.179657 1.416280 -0.147782
v -2.125336 1.427404 -0.147782
v -2.034431 1.191812 -0.166806
v -1.904707 1.190971 -0.166806
v -2.001148 1.317899 -0.166806
v -1.852707 1.324317 -0.166806
v -1.916988 1.438439 -0.147782
v -1.798454 1.437653 -0.147782
v -2.054403 1.442450 -0.147782
v -2.244419 1.426653 -0.147782
v -2.226403 1.399970 -0.166806
v -2.184844 1.378747 -0.166806
v -2.126330 1.359549 -0.166806
v -2.279833 1.381571 0.000000
v -1.790193 1.453239 0.000000
v -2.275828 1.379533 0.000000
v -1.908393 1.452831 0.000000
v -2.254217 1.149908 -0.147782
v -1.927910 1.118224 -0.166806
v -2.057292 1.122751 -0.166806
v -1.603252 0.816217 0.000000
v -1.595525 0.876852 0.000000
v -1.553671 0.928794 0.000000
v -1.467023 0.967386 0.000000
v -1.545620 0.703701 0.000000
v -1.593386 0.760195 0.000000
v -1.603252 0.816217 0.000000
v -1.181284 0.965339 0.000000
v -1.299431 0.978556 0.000000
v -1.467023 0.967386 0.000000
v -1.387588 0.976363 0.000000
v -2.192892 0.075032 0.136973
v -1.972863 0.073729 0.152192
v -1.867583 0.073160 0.152192
v -2.085374 0.074640 0.152192
v -2.200442 0.121096 0.152258
v -1.979687 0.115045 0.152275
v -1.873466 0.121141 0.152258
v -2.092199 0.115045 0.152275
v -2.216562 0.170606 0.152275
v -1.863870 0.170663 0.152275
v -2.218767 0.224176 0.152275
v -1.864137 0.224234 0.152275
v -2.219715 0.281045 0.152275
v -1.862691 0.281103 0.152275
v -2.208184 0.338824 0.152275
v -1.851444 0.338882 0.152275
v -2.192990 0.400015 0.152275
v -1.840937 0.400071 0.152275
v -2.167407 0.463595 0.152275
v -1.823099 0.463647 0.152275
v -2.143942 0.519553 0.152275
v -1.801302 0.519605 0.152275
v -2.112202 0.596098 0.152275
v -1.773215 0.596149 0.152275
v -2.086837 0.646568 0.152275
v -1.662369 0.639132 0.131256
v -1.744093 0.650234 0.152258
v -1.877491 0.717734 0.152459
v -1.771324 0.720170 0.152405
v -1.970393 0.717734 0.152459
v -2.035627 0.767820 0.152192
v -1.852306 0.766188 0.152192
v -1.771814 0.765141 0.152192
v -1.947634 0.766188 0.152192
v -2.008869 0.806270 0.152192
v -1.815163 0.806320 0.152192
v -1.715410 0.807654 0.152192
v -1.914089 0.806320 0.152192
v -2.000598 0.862459 0.152192
v -1.804225 0.862508 0.152192
v -1.703348 0.864682 0.152192
v -1.904556 0.862508 0.152192
v -2.010750 0.923579 0.152192
v -1.794385 0.923686 0.152192
v -1.685884 0.924322 0.152192
v -1.900434 0.923686 0.152192
v -2.126621 0.916839 0.130690
v -2.014503 0.984545 0.152192
v -1.783464 0.984659 0.152192
v -1.643038 0.984908 0.152192
v -2.159645 0.992192 0.133168
v -2.010486 1.061273 0.152192
v -1.768396 1.053062 0.152192
v -1.645766 1.053062 0.152192
v -1.881444 1.053062 0.152192
v -2.196423 1.139405 0.133168
v -2.237176 1.184789 0.133168
v -2.216090 1.234470 0.133168
v -2.225468 1.277621 0.133168
v -2.243416 1.328257 0.133168
v -2.272214 1.381827 0.133168
v -2.270008 1.420293 0.126827
v -2.151913 1.426663 0.126827
v -2.115039 1.414447 0.133168
v -2.060718 1.425571 0.133168
v -1.741172 1.189137 0.156131
v -1.609353 1.203014 0.157444
v -1.840090 1.189137 0.152192
v -1.675601 1.322005 0.154375
v -1.561841 1.309766 0.154169
v -1.788089 1.322483 0.152192
v -1.852371 1.436606 0.133168
v -1.620583 1.435766 0.133168
v -1.502425 1.436093 0.133168
v -1.733837 1.435820 0.133168
v -1.989785 1.440616 0.133168
v -1.359453 1.435277 0.130833
v -1.154935 1.423672 0.121492
v -0.402722 1.328657 0.151724
v -0.464813 1.423169 0.121492
v -0.284700 1.440653 0.135105
v -0.160749 1.304577 0.136973
v -0.170142 1.438305 0.133168
v -1.609353 1.203014 0.157444
v -0.164844 1.183524 0.152192
v -0.160813 1.182545 0.136973
v -2.179801 1.424820 0.133168
v -0.916300 1.055823 0.152192
v -0.848344 1.322484 0.154214
v -0.284875 1.196441 0.156131
v -0.362947 1.059377 0.136973
v -0.285849 1.170849 0.156131
v -1.259419 1.056014 0.152192
v -1.109541 1.334464 0.151537
v -1.275385 1.010310 0.152192
v -1.015180 1.019033 0.136973
v -1.099698 0.890787 0.073370
v -1.143133 0.954654 0.093318
v -1.053556 0.953170 0.090558
v -1.056235 0.988223 0.128028
v -1.267431 0.986078 0.138280
v -1.102897 0.787699 0.051277
v -1.138791 0.725878 0.053712
v -1.225257 0.678948 0.053712
v -1.337819 0.658159 0.053712
v -1.442126 0.665791 0.053712
v -1.549119 0.698260 0.065173
v -1.608047 0.675753 0.122744
v -1.605772 0.744784 0.133223
v -1.632563 0.803856 0.142392
v -1.609989 0.875349 0.139942
v -1.571651 0.928238 0.139942
v -1.496100 0.972284 0.139942
v -0.255886 1.478224 0.126827
v -0.195878 1.476820 0.126827
v -1.465668 1.054545 0.152192
v -1.380184 1.340500 0.153708
v -1.465081 1.000807 0.152192
v -1.399131 0.983754 0.139942
v -0.107250 1.348313 0.060380
v -0.210949 1.348313 0.083181
v -0.107250 1.360938 0.059137
v -0.210949 1.365386 0.081500
v -0.107250 1.373078 0.055454
v -0.210949 1.381804 0.076520
v -0.107250 1.384266 0.049474
v -0.210949 1.396934 0.068433
v -0.107250 1.394072 0.041426
v -0.210949 1.410195 0.057549
v -0.107250 1.402120 0.031620
v -0.210949 1.421079 0.044287
v -0.107250 1.408100 0.020432
v -0.210949 1.429166 0.029157
v -0.107250 1.411635 0.008834
v -0.210949 1.433864 0.013462
v -0.107250 1.284992 0.008834
v -0.210949 1.262762 0.013462
v -0.107250 1.288526 0.020432
v -0.210949 1.267460 0.029157
v -0.107250 1.294506 0.031620
v -0.210949 1.275548 0.044287
v -0.107250 1.302554 0.041426
v -0.210949 1.286431 0.057549
v -0.107250 1.312361 0.049474
v -0.210949 1.299693 0.068433
v -0.107250 1.323549 0.055454
v -0.210949 1.314823 0.076520
v -0.107250 1.335688 0.059137
v -0.210949 1.331240 0.081500
v -0.129776 1.152370 0.025029
v -0.185048 1.152371 0.044578
v -0.129776 1.158099 0.024465
v -0.185048 1.161913 0.043638
v -0.129776 1.163607 0.022794
v -0.185048 1.171088 0.040855
v -0.129776 1.168683 0.020081
v -0.185048 1.179544 0.036335
v -0.129776 1.173133 0.016429
v -0.185048 1.186956 0.030252
v -0.129776 1.176784 0.011980
v -0.185048 1.193039 0.022841
v -0.129776 1.179497 0.006903
v -0.185048 1.197559 0.014385
v -0.185048 1.200184 0.005931
v -0.189150 1.104440 0.005107
v -0.129776 1.125243 0.006903
v -0.185048 1.107183 0.014385
v -0.129776 1.127957 0.011980
v -0.185048 1.111703 0.022841
v -0.129776 1.131608 0.016429
v -0.185048 1.117785 0.030252
v -0.129776 1.136058 0.020081
v -0.185048 1.125197 0.036335
v -0.129776 1.141134 0.022794
v -0.185048 1.133653 0.040855
v -0.129776 1.146642 0.024465
v -0.185048 1.142828 0.043638
v -0.188579 1.057953 0.126827
v -0.147794 1.099520 0.133168
v -0.828939 1.031924 0.124582
v -0.834772 1.041761 0.150475
v -0.921091 1.029620 0.131451
v -0.388100 1.043685 0.131451
v -0.412496 1.032704 0.117669
v -0.086171 1.348313 0.080027
v -0.086171 1.364771 0.078406
v -0.086171 1.380596 0.073605
v -0.086171 1.395181 0.065810
v -0.086171 1.407965 0.055319
v -0.086171 1.418456 0.042535
v -0.086171 1.426252 0.027950
v -0.086171 1.430841 0.012666
v -0.081767 1.265014 0.011418
v -0.086171 1.270375 0.027950
v -0.086171 1.278171 0.042535
v -0.086171 1.288662 0.055319
v -0.086171 1.301445 0.065810
v -0.086171 1.316030 0.073605
v -0.086171 1.331856 0.078406
v -0.351472 1.348313 0.056986
v -0.351472 1.360276 0.055808
v -0.351472 1.371779 0.052318
v -0.351472 1.382380 0.046652
v -0.351472 1.391672 0.039026
v -0.351472 1.399298 0.029734
v -0.351472 1.404965 0.019133
v -0.351472 1.408256 0.008352
v -0.365839 1.288224 0.007227
v -0.351472 1.291662 0.019133
v -0.351472 1.297328 0.029734
v -0.351472 1.304954 0.039026
v -0.351472 1.314246 0.046652
v -0.351472 1.324847 0.052318
v -0.351472 1.336351 0.055808
v -0.115310 1.152371 0.041838
v -0.115310 1.161378 0.040950
v -0.115310 1.170039 0.038323
v -0.115310 1.178022 0.034056
v -0.115310 1.185018 0.028315
v -0.115310 1.190760 0.021318
v -0.115310 1.195027 0.013336
v -0.115310 1.197536 0.005216
v -0.115310 1.109715 0.013336
v -0.115310 1.113981 0.021318
v -0.115310 1.119723 0.028315
v -0.115310 1.126720 0.034056
v -0.115310 1.134702 0.038323
v -0.115310 1.143363 0.040950
v -0.281486 1.152370 0.022167
v -0.281486 1.157540 0.021658
v -0.281486 1.162511 0.020150
v -0.281486 1.167093 0.017701
v -0.281486 1.171109 0.014405
v -0.281486 1.174404 0.010390
v -0.281486 1.176853 0.005808
v -0.281486 1.127887 0.005808
v -0.281486 1.130336 0.010390
v -0.281486 1.133632 0.014405
v -0.281486 1.137648 0.017701
v -0.281486 1.142229 0.020150
v -0.281486 1.147201 0.021658
v -2.319047 0.078706 0.074874
v -2.262670 0.079103 0.125314
v -2.326210 0.120333 0.086045
v -2.269814 0.120731 0.144338
v -2.329711 0.169809 0.086045
v -2.273249 0.170206 0.144338
v -2.332513 0.223375 0.086045
v -2.275816 0.223774 0.144338
v -2.334186 0.280239 0.086045
v -2.277138 0.280641 0.144338
v -2.322581 0.338019 0.086045
v -2.265235 0.338423 0.144338
v -2.305976 0.399219 0.086045
v -2.248491 0.399624 0.144338
v -2.278164 0.462815 0.086045
v -2.220758 0.463219 0.144338
v -2.254088 0.518777 0.086045
v -2.196443 0.519183 0.144338
v -2.221317 0.595330 0.086045
v -2.163737 0.595736 0.144338
v -2.193595 0.647639 0.086045
v -2.136011 0.648044 0.144338
v -2.170146 0.708964 0.086045
v -2.116459 0.709342 0.144338
v -2.146405 0.765475 0.086045
v -2.091058 0.765857 0.144338
v -2.134389 0.805570 0.086045
v -2.076200 0.805931 0.144338
v -2.079748 0.862051 0.144338
v -2.131196 0.861446 0.081161
v -1.755072 0.072819 0.090294
v -1.805299 0.072994 0.145046
v -1.762242 0.121187 0.090294
v -1.812495 0.121187 0.145046
v -1.765341 0.170663 0.090294
v -1.815633 0.170663 0.145046
v -1.765088 0.224234 0.090294
v -1.815534 0.224234 0.145046
v -1.763010 0.281103 0.090294
v -1.813677 0.281103 0.145046
v -1.751828 0.338882 0.090294
v -1.802631 0.338882 0.145046
v -1.742550 0.400071 0.090294
v -1.793329 0.400071 0.145046
v -1.726652 0.463647 0.090294
v -1.777240 0.463647 0.145046
v -1.705387 0.519605 0.090294
v -1.756089 0.519605 0.145046
v -1.721356 0.596149 0.145046
v -1.678199 0.596149 0.097439
v -1.985453 0.172673 0.168938
v -2.093925 0.172673 0.168938
v -1.986282 0.224234 0.168939
v -2.095344 0.224234 0.168939
v -1.985675 0.281103 0.168939
v -2.095459 0.281103 0.168939
v -1.974348 0.338882 0.168939
v -2.084039 0.338882 0.168939
v -1.962248 0.400071 0.168939
v -2.070503 0.400071 0.168939
v -1.941748 0.463647 0.168939
v -2.047670 0.463647 0.168939
v -1.919413 0.519605 0.168939
v -2.024767 0.519605 0.168939
v -1.890084 0.596149 0.168939
v -1.994330 0.596149 0.168939
v -1.867733 0.646618 0.168939
v -1.970456 0.646618 0.168939
v -2.072010 0.693183 0.154285
v -2.048697 0.710210 0.152459
v -2.062889 0.726851 0.152192
v -2.083745 0.710058 0.152192
v -2.057937 0.693371 0.165019
v -2.044947 0.707932 0.156405
v -1.880182 0.708540 0.155885
v -1.876864 0.691367 0.167112
v -1.801825 0.710364 0.153970
v -1.973443 0.691369 0.167112
v -1.973471 0.708540 0.155885
v -2.134104 0.860350 0.066692
v -2.177147 0.139869 0.166258
v -2.190175 0.129111 0.154784
v -1.983892 0.139162 0.166928
v -1.980936 0.122969 0.154784
v -1.899082 0.139869 0.166258
v -1.884886 0.129111 0.154784
v -2.093448 0.122969 0.154784
v -2.092285 0.139162 0.166928
v -2.182132 0.172673 0.166928
v -2.206407 0.170663 0.154784
v -1.872748 0.170663 0.154784
v -1.897215 0.172673 0.166928
v -2.184039 0.224234 0.166928
v -2.208539 0.224234 0.154784
v -1.873087 0.224234 0.154784
v -1.897552 0.224234 0.166928
v -2.184733 0.281103 0.166928
v -2.209396 0.281103 0.154784
v -1.871738 0.281103 0.154784
v -1.896360 0.281103 0.166928
v -2.173177 0.338882 0.166928
v -2.197911 0.338882 0.154784
v -1.860477 0.338882 0.154784
v -1.885163 0.338882 0.166928
v -2.158326 0.400071 0.166928
v -2.182971 0.400071 0.154784
v -1.849780 0.400071 0.154784
v -1.874371 0.400071 0.166928
v -2.133462 0.463647 0.166928
v -2.157844 0.463647 0.154784
v -1.831573 0.463647 0.154784
v -1.855905 0.463647 0.166928
v -2.109949 0.519605 0.166928
v -2.134409 0.519605 0.154784
v -1.809771 0.519605 0.154784
v -1.834202 0.519605 0.166928
v -2.078552 0.596149 0.166928
v -2.102894 0.596149 0.154784
v -1.781519 0.596149 0.154784
v -1.805860 0.596149 0.166928
v -2.077960 0.642392 0.156794
v -2.055749 0.642392 0.166928
v -2.072338 0.662264 0.166258
v -1.761639 0.648442 0.154968
v -1.785078 0.646618 0.166928
v -1.803066 0.689900 0.166503
v -1.781936 0.697198 0.156516
v -2.177997 0.016192 0.107464
v -2.177997 0.040415 0.147353
v -1.971725 0.002776 0.111261
v -1.971725 0.029670 0.148543
v -1.866443 -0.001712 0.111100
v -1.866444 0.025749 0.148516
v -2.084237 0.035586 0.148558
v -2.084237 0.009600 0.111353
v -1.756342 0.024266 0.099537
v -1.756341 -0.003441 0.068713
v -1.804147 0.024174 0.141331
v -1.804140 -0.003452 0.103722
v -1.055849 0.881559 0.079553
v -1.042379 0.880518 0.064435
v -1.043580 0.907651 0.088092
v -1.062813 0.790168 0.062142
v -1.048509 0.790651 0.048666
v -1.078672 0.727718 0.059322
v -1.058736 0.728322 0.045851
v -1.159805 0.677965 0.059323
v -1.139889 0.678253 0.045856
v -1.277545 0.643380 0.059323
v -1.260017 0.639516 0.045860
v -1.414012 0.640187 0.059324
v -1.407305 0.633464 0.045862
v -1.542950 0.659289 0.048079
v -1.542652 0.664934 0.060360
v -1.572227 0.664535 0.078359
v -2.253282 1.148075 0.133168
v -1.750244 1.116391 0.153023
v -1.863292 1.116391 0.152192
v -1.630222 1.108611 0.153230
v -1.992675 1.120917 0.152192
v -0.388426 1.116391 0.153230
v -1.248130 1.108611 0.153230
v -0.900516 1.108611 0.153230
v -1.452042 1.108611 0.153230
v -1.712506 1.190827 0.178557
v -1.609268 1.186282 0.180431
v -1.435026 1.173750 0.183706
v -1.387244 1.206214 0.184557
v -1.588999 1.194987 0.178793
v -0.975620 1.206016 0.184557
v -0.382594 1.194018 0.179767
v -0.383294 1.173750 0.179767
v -1.233652 1.173750 0.183706
v -1.231182 1.195162 0.184557
v -1.668896 1.293135 0.172314
v -1.554667 1.290298 0.174761
v -0.379917 1.291390 0.181284
v -0.378863 1.318893 0.167652
v -0.463108 1.318335 0.177245
v -0.860488 1.320078 0.165229
v -0.958322 1.275973 0.184557
v -1.198082 1.287630 0.184557
v -1.106612 1.321363 0.166986
v -1.362691 1.277177 0.184557
v -1.386354 1.319903 0.166678
v -1.730249 1.120259 0.162982
v -1.723694 1.142236 0.179838
v -1.620498 1.141577 0.180805
v -1.627036 1.119292 0.162361
v -0.412181 1.142236 0.179838
v -0.414229 1.120259 0.162982
v -1.240784 1.141577 0.180805
v -1.245733 1.119292 0.162361
v -0.898709 1.119292 0.162361
v -0.895046 1.141577 0.180805
v -1.443431 1.141577 0.180805
v -1.449252 1.119292 0.162361
v -1.232557 1.180990 0.183706
v -0.883293 1.186086 0.183706
v -1.426866 1.193144 0.183706
v -0.875516 1.290736 0.181768
v -1.196124 1.304220 0.181284
v -1.393359 1.292696 0.180989
v -1.376185 1.212260 0.189374
v -0.989610 1.211996 0.189374
v -1.226675 1.208497 0.189657
v -0.974185 1.270043 0.189374
v -1.202598 1.274295 0.189658
v -1.355404 1.271098 0.189374
v -1.566161 1.320388 0.122105
v -1.586471 1.320388 0.084109
v -1.598977 1.320388 0.042879
v -1.598977 1.320388 -0.042874
v -1.586471 1.320388 -0.084103
v -1.566161 1.320388 -0.122099
v -1.200683 1.320388 -0.122099
v -1.180373 1.320388 -0.084103
v -1.167866 1.320388 -0.042874
v -1.167866 1.320388 0.042879
v -1.180373 1.320388 0.084109
v -1.200683 1.320388 0.122105
v -1.228015 1.320388 0.155410
v -1.725485 0.665970 0.153113
v -1.676351 0.704008 0.153113
v -1.725069 0.669353 0.153420
v -1.730370 0.671079 0.153420
v -1.735787 0.673968 0.153420
v -1.740527 0.677860 0.153420
v -1.744421 0.682605 0.153420
v -1.747308 0.688016 0.153420
v -1.749089 0.693884 0.153420
v -1.749694 0.699989 0.153420
v -1.749085 0.706095 0.153420
v -1.747305 0.711966 0.153420
v -1.744417 0.717378 0.153420
v -1.740523 0.722121 0.153420
v -1.735788 0.726014 0.153420
v -1.730369 0.728905 0.153420
v -1.724495 0.730688 0.153420
v -1.718385 0.731287 0.153420
v -1.712286 0.730687 0.153420
v -1.706416 0.728906 0.153420
v -1.701005 0.726013 0.153420
v -1.696263 0.722120 0.153420
v -1.692372 0.717378 0.153420
v -1.689477 0.711967 0.153420
v -1.687699 0.706095 0.153420
v -1.687083 0.700214 0.153420
v -1.717946 0.668653 0.153420
v -1.687785 0.693083 0.153420
v -1.689480 0.688014 0.153420
v -1.692379 0.682602 0.153420
v -1.696265 0.677861 0.153420
v -1.701016 0.673967 0.153420
v -1.706430 0.671076 0.153420
v -1.712299 0.669296 0.153420
v -1.721682 0.669465 0.158638
v -1.687971 0.695675 0.158638
v -1.724007 0.673663 0.161093
v -1.728683 0.675159 0.161093
v -1.733337 0.677639 0.161093
v -1.737405 0.680981 0.161093
v -1.740750 0.685056 0.161093
v -1.743229 0.689704 0.161093
v -1.744760 0.694747 0.161093
v -1.745280 0.699987 0.161093
v -1.744755 0.705232 0.161093
v -1.743226 0.710279 0.161093
v -1.740746 0.714926 0.161093
v -1.737400 0.719001 0.161093
v -1.733336 0.722344 0.161093
v -1.728681 0.724826 0.161093
v -1.723634 0.726359 0.161093
v -1.718386 0.726873 0.161093
v -1.713147 0.726358 0.161093
v -1.708105 0.724828 0.161093
v -1.703458 0.722343 0.161093
v -1.699384 0.718998 0.161093
v -1.696042 0.714926 0.161093
v -1.693555 0.710277 0.161093
v -1.692029 0.705238 0.161093
v -1.691509 0.700099 0.161093
v -1.718118 0.673085 0.161093
v -1.692090 0.694205 0.161093
v -1.693557 0.689703 0.161093
v -1.696050 0.685055 0.161093
v -1.699385 0.680983 0.161093
v -1.703467 0.677638 0.161093
v -1.708118 0.675155 0.161093
v -1.713159 0.673625 0.161093
v -1.721309 0.673277 0.161093
v -1.724811 0.669918 0.158638
v -1.730144 0.671626 0.158638
v -1.735460 0.674459 0.158638
v -1.740109 0.678278 0.158638
v -1.743930 0.682933 0.158638
v -1.746762 0.688242 0.158638
v -1.748510 0.694000 0.158638
v -1.749104 0.699988 0.158638
v -1.748504 0.705980 0.158638
v -1.746759 0.711740 0.158638
v -1.743926 0.717050 0.158638
v -1.740104 0.721703 0.158638
v -1.735461 0.725522 0.158638
v -1.730143 0.728359 0.158638
v -1.724380 0.730109 0.158638
v -1.718385 0.730696 0.158638
v -1.712401 0.730108 0.158638
v -1.706642 0.728360 0.158638
v -1.701333 0.725521 0.158638
v -1.696680 0.721702 0.158638
v -1.692864 0.717050 0.158638
v -1.690023 0.711740 0.158638
v -1.688279 0.705981 0.158638
v -1.687680 0.700159 0.158638
v -1.691782 0.696052 0.161093
v -1.718058 0.669255 0.158638
v -1.688346 0.693398 0.158638
v -1.690024 0.688240 0.158638
v -1.692872 0.682930 0.158638
v -1.696681 0.678280 0.158638
v -1.701345 0.674458 0.158638
v -1.706656 0.671622 0.158638
v -1.712414 0.669875 0.158638
v -1.717637 0.676631 0.170299
v -1.696028 0.693395 0.170299
v -1.723998 0.674347 0.169788
v -1.728422 0.675790 0.169788
v -1.732956 0.678208 0.169788
v -1.736922 0.681464 0.169788
v -1.740181 0.685435 0.169788
v -1.742598 0.689966 0.169788
v -1.744090 0.694880 0.169788
v -1.744596 0.699987 0.169788
v -1.744085 0.705099 0.169788
v -1.742595 0.710017 0.169788
v -1.740177 0.714547 0.169788
v -1.736917 0.718518 0.169788
v -1.732955 0.721775 0.169788
v -1.728420 0.724195 0.169788
v -1.723501 0.725688 0.169788
v -1.718386 0.726189 0.169788
v -1.713280 0.725687 0.169788
v -1.708367 0.724197 0.169788
v -1.703838 0.721775 0.169788
v -1.699868 0.718515 0.169788
v -1.696610 0.714546 0.169788
v -1.694187 0.710016 0.169788
v -1.692700 0.705105 0.169788
v -1.692189 0.700134 0.169788
v -1.718027 0.673759 0.169788
v -1.692777 0.694159 0.169788
v -1.694190 0.689965 0.169788
v -1.696617 0.685435 0.169788
v -1.699870 0.681466 0.169788
v -1.703846 0.678207 0.169788
v -1.708380 0.675786 0.169788
v -1.713292 0.674296 0.169788
v -1.299431 0.978556 0.011129
v -1.593386 0.760195 0.011925
v -1.603252 0.816217 0.012649
v -1.595525 0.876852 0.012649
v -1.553671 0.928794 0.012649
v -1.467023 0.967386 0.011672
v -1.387588 0.976363 0.005807
v -1.300942 0.980341 0.055852
v -1.167317 0.962879 0.043274
v -1.110162 0.771987 0.014200
v -1.149467 0.725572 0.012194
v -1.594913 0.760732 0.054207
v -1.387648 0.977809 0.065340
v -1.467504 0.969262 0.058125
v -1.548636 0.702260 0.018196
v -1.555952 0.928874 0.060208
v -1.348917 0.660698 0.012194
v -1.446416 0.670464 0.012194
v -1.603601 0.815627 0.060208
v -1.597001 0.877523 0.060208
v -1.235751 0.678647 0.012194
v -1.337605 0.948469 0.016995
v -1.430712 0.942327 0.016995
v -1.384004 0.945408 0.012963
v -1.337605 0.948469 0.041535
v -1.384004 0.945408 0.045566
v -1.430712 0.942327 0.041535
v -1.344028 0.900777 0.021792
v -1.399843 0.897095 0.021792
v -1.371840 0.898942 0.019610
v -1.344028 0.900777 0.036737
v -1.371840 0.898942 0.038920
v -1.399843 0.897095 0.036737
v -1.342319 0.866508 0.023059
v -1.389880 0.863370 0.023059
v -1.366022 0.864944 0.020876
v -1.342319 0.866508 0.035471
v -1.366022 0.864944 0.037654
v -1.389880 0.863370 0.035471
v -1.324200 0.825237 0.024330
v -1.361245 0.822793 0.024330
v -1.342659 0.824019 0.022831
v -1.324200 0.825237 0.034199
v -1.342659 0.824019 0.035698
v -1.361245 0.822793 0.034199
v -1.295538 0.788457 0.024287
v -1.333493 0.785953 0.024287
v -1.314453 0.787209 0.022596
v -1.295538 0.788457 0.034243
v -1.314453 0.787209 0.035934
v -1.333493 0.785953 0.034243
v -1.253223 0.754291 0.024191
v -1.291805 0.751746 0.024191
v -1.272450 0.753022 0.022500
v -1.253223 0.754291 0.034339
v -1.272450 0.753022 0.036030
v -1.291805 0.751746 0.034339
v -1.216929 0.734060 0.024755
v -1.253673 0.731636 0.024755
v -1.233378 0.731929 0.024191
v -1.216929 0.734060 0.033775
v -1.233378 0.731929 0.034339
v -1.253673 0.731636 0.033775
v -1.996212 0.939054 0.171558
v -1.807323 0.939147 0.171558
v -1.900442 0.939147 0.171558
v -1.999017 0.984616 0.171558
v -1.798629 0.987686 0.171558
v -1.995863 1.044850 0.171558
v -1.787634 1.037601 0.171558
v -1.881936 1.037601 0.171558
v -1.900434 0.923686 0.171558
v -2.010750 0.923579 0.171558
v -1.794385 0.923686 0.171558
v -1.783464 0.984659 0.171558
v -2.014503 0.984545 0.171558
v -1.881444 1.053062 0.171558
v -2.010486 1.061273 0.171558
v -1.768396 1.053062 0.171558
v -1.996212 0.939054 0.143796
v -1.807323 0.939147 0.143796
v -1.900442 0.939147 0.143796
v -1.999017 0.984616 0.143796
v -1.798629 0.987686 0.143796
v -1.895628 0.984659 0.143796
v -1.995863 1.044850 0.143796
v -1.787634 1.037601 0.143796
v -1.881936 1.037601 0.143796
v -2.238111 1.186622 0.147782
v -2.217025 1.236303 0.147782
v -2.226403 1.279454 0.147782
v -2.244351 1.330090 0.147782
v -2.273149 1.383661 0.147782
v -2.270943 1.422127 0.141441
v -2.216531 1.428496 0.141441
v -2.179657 1.416280 0.147782
v -2.125336 1.427404 0.147782
v -2.034431 1.191812 0.166806
v -1.904707 1.190971 0.166806
v -2.001148 1.317899 0.166806
v -1.852707 1.324317 0.166806
v -1.916988 1.438439 0.147782
v -1.798454 1.437653 0.147782
v -2.054403 1.442450 0.147782
v -2.244419 1.426653 0.147782
v -2.226403 1.399970 0.166806
v -2.184844 1.378747 0.166806
v -2.126330 1.359549 0.166806
v -2.254217 1.149908 0.147782
v -1.927910 1.118224 0.166806
v -2.057292 1.122751 0.166806
vn -0.0000 -0.0020 -1.0000
vn -0.0000 -0.0014 -1.0000
vn -0.1402 -0.0257 -0.9898
vn -0.0000 0.0055 -1.0000
vn 0.0004 0.0053 -1.0000
vn -0.0000 -0.0000 -1.0000
vn -0.9986 0.0523 -0.0000
vn 0.9766 -0.2151 -0.0000
vn -0.1818 -0.0112 -0.9833
vn 0.9843 -0.1763 -0.0000
vn -0.9981 -0.0614 -0.0000
vn -0.0073 0.0023 -1.0000
vn 0.2218 0.0572 -0.9734
vn -0.0398 0.0155 -0.9991
vn -0.0349 -0.9990 0.0292
vn -0.0184 0.1741 -0.9846
vn 0.0205 0.1736 -0.9846
vn -0.9424 -0.3340 0.0184
vn -0.9766 -0.2122 0.0359
vn 0.0023 0.3060 -0.9520
vn 0.0384 -0.4293 -0.9024
vn 0.0002 -0.0187 -0.9998
vn -0.0967 0.2451 -0.9647
vn 0.0682 0.0758 -0.9948
vn -0.1067 0.9900 0.0920
vn 0.2182 -0.0696 -0.9734
vn -0.0000 -0.0000 1.0000
vn -0.0305 0.9662 0.2560
vn -0.0828 -0.9660 0.2449
vn -0.9152 0.3885 0.1073
vn -0.1412 0.6893 0.7106
vn 0.0292 0.9996 -0.0036
vn -0.9104 0.3993 0.1083
vn 0.0066 0.9954 0.0957
vn 0.1526 -0.0001 -0.9883
vn 0.0003 -0.0198 -0.9998
vn 0.2353 -0.0090 -0.9719
vn 0.0001 -0.0192 -0.9998
vn 0.0591 -0.0206 -0.9980
vn -0.2868 0.7740 -0.5645
vn -0.0000 -0.0197 -0.9998
vn 0.0665 -0.3589 -0.9310
vn 0.0390 -0.7652 -0.6426
vn 0.2982 -0.3637 -0.8825
vn -0.0356 0.0433 -0.9984
vn 0.1140 -0.0704 -0.9910
vn 0.1163 -0.0246 -0.9929
vn 0.1344 -0.0394 -0.9901
vn 0.1089 -0.0770 -0.9911
vn 0.0258 -0.5154 -0.8565
vn 0.0207 0.2000 -0.9796
vn 0.0149 0.3259 -0.9453
vn -0.0274 0.1764 -0.9839
vn -0.1296 0.0068 -0.9915
vn 0.0252 0.0980 -0.9949
vn 0.0252 0.2902 -0.9566
vn 0.0252 0.4713 -0.8816
vn 0.0252 0.6342 -0.7728
vn 0.0252 0.7728 -0.6342
vn 0.0252 0.8816 -0.4713
vn 0.0250 0.9575 -0.2875
vn 0.0215 -0.9493 -0.3136
vn 0.0252 -0.8816 -0.4712
vn 0.0252 -0.7728 -0.6342
vn 0.0252 -0.6342 -0.7728
vn 0.0252 -0.4713 -0.8816
vn 0.0252 -0.2902 -0.9566
vn 0.0252 -0.0980 -0.9949
vn 0.0391 0.0979 -0.9944
vn 0.0391 0.2901 -0.9562
vn 0.0391 0.4710 -0.8812
vn 0.0391 0.6339 -0.7724
vn 0.0391 0.7724 -0.6339
vn 0.0391 0.8812 -0.4711
vn 0.0393 0.9547 -0.2950
vn 0.0389 -0.9643 -0.2619
vn 0.0391 -0.8812 -0.4710
vn 0.0391 -0.7724 -0.6339
vn 0.0391 -0.6339 -0.7724
vn 0.0391 -0.4710 -0.8812
vn 0.0391 -0.2901 -0.9562
vn 0.0391 -0.0979 -0.9944
vn 0.0186 -0.9711 0.2379
vn 0.0675 -0.2098 -0.9754
vn 0.0504 -0.9298 -0.3646
vn 0.0077 -0.9342 -0.3566
vn 0.0272 0.0360 -0.9990
vn 0.1159 -0.6294 -0.7684
vn 0.6801 -0.0719 0.7296
vn 0.6801 -0.2128 0.7016
vn 0.6801 -0.3456 0.6466
vn 0.6801 -0.4651 0.5667
vn 0.6801 -0.5667 0.4651
vn 0.6801 -0.6466 0.3456
vn 0.6789 -0.7024 0.2140
vn 0.6801 0.7013 0.2137
vn 0.6801 0.6466 0.3456
vn 0.6801 0.5667 0.4651
vn 0.6801 0.4651 0.5667
vn 0.6801 0.3456 0.6466
vn 0.6801 0.2128 0.7016
vn 0.6801 0.0719 0.7296
vn 0.0138 0.9561 0.2927
vn 0.0138 0.8818 0.4714
vn 0.0138 -0.0980 0.9951
vn 0.0138 0.7730 0.6343
vn 0.0138 -0.2903 0.9568
vn 0.0138 0.6343 0.7729
vn 0.0138 -0.4714 0.8818
vn 0.0138 0.4714 0.8818
vn 0.0138 -0.6343 0.7729
vn 0.0138 0.2903 0.9568
vn 0.0138 -0.7729 0.6343
vn 0.0138 0.0980 0.9951
vn 0.0138 -0.8818 0.4713
vn 0.0138 -0.9563 0.2920
vn 0.7564 -0.0641 0.6510
vn 0.7564 -0.1899 0.6260
vn 0.7564 -0.3084 0.5769
vn 0.7564 -0.4150 0.5057
vn 0.7564 -0.5057 0.4150
vn 0.7564 -0.5769 0.3083
vn 0.7651 -0.6272 0.1460
vn 0.3443 0.6147 -0.7097
vn 0.7564 0.5769 0.3084
vn 0.7564 0.5056 0.4150
vn 0.7564 0.4150 0.5056
vn 0.7564 0.3084 0.5769
vn 0.7564 0.1899 0.6260
vn 0.7564 0.0641 0.6510
vn 0.0045 0.9970 -0.0771
vn 0.0188 0.8818 0.4713
vn 0.0188 -0.0980 0.9950
vn 0.0188 0.7729 0.6343
vn 0.0188 -0.2902 0.9568
vn 0.0188 0.6343 0.7729
vn 0.0188 -0.4713 0.8818
vn 0.0188 0.4713 0.8818
vn 0.0188 -0.6343 0.7729
vn 0.0188 0.2902 0.9568
vn 0.0188 -0.7729 0.6343
vn 0.0188 0.0980 0.9950
vn 0.0188 -0.8818 0.4713
vn -0.6905 -0.4496 -0.5666
vn -0.6348 -0.3003 -0.7119
vn -0.7176 -0.0498 -0.6946
vn -0.7178 -0.0344 -0.6954
vn -0.7167 -0.0167 -0.6972
vn -0.7079 0.1422 -0.6918
vn -0.7005 0.1901 -0.6878
vn -0.6808 0.2977 -0.6693
vn -0.6821 0.2935 -0.6697
vn -0.6812 0.2916 -0.6716
vn -0.6668 0.3534 -0.6562
vn -0.6873 0.2628 -0.6771
vn -0.7037 0.2956 -0.6461
vn -0.7093 0.2126 -0.6721
vn -0.7069 -0.0447 -0.7059
vn -0.1743 -0.3357 -0.9257
vn -0.1132 -0.0372 -0.9929
vn -0.1386 -0.0057 -0.9903
vn -0.1378 -0.0023 -0.9905
vn -0.1379 0.0275 -0.9901
vn -0.1417 0.0352 -0.9893
vn -0.1473 0.0593 -0.9873
vn -0.1496 0.0627 -0.9868
vn -0.1523 0.0632 -0.9863
vn -0.1565 0.0787 -0.9845
vn -0.1159 0.0806 -0.9900
vn -0.0988 0.0145 -0.9950
vn -0.0986 -0.0164 -0.9950
vn 0.5782 -0.6253 -0.5241
vn 0.7327 0.1086 -0.6718
vn 0.7360 0.0461 -0.6755
vn 0.7354 -0.0035 -0.6776
vn 0.7337 -0.0268 -0.6790
vn 0.7258 -0.1405 -0.6734
vn 0.7287 -0.1105 -0.6758
vn 0.7224 -0.1806 -0.6675
vn 0.7068 -0.2686 -0.6545
vn 0.7044 -0.3098 -0.6386
vn 0.1140 0.0170 -0.9933
vn 0.1175 -0.0231 -0.9928
vn 0.1482 -0.0003 -0.9890
vn 0.1471 -0.0037 -0.9891
vn 0.1458 -0.0284 -0.9889
vn 0.1464 -0.0251 -0.9889
vn 0.1500 -0.0421 -0.9878
vn 0.1554 -0.0605 -0.9860
vn 0.1576 -0.0578 -0.9858
vn 0.1377 -0.0738 -0.9877
vn 0.0410 0.0509 -0.9979
vn -0.3040 0.6711 -0.6762
vn 0.0014 0.5472 -0.8370
vn -0.0000 0.5472 -0.8370
vn -0.1608 0.0106 -0.9869
vn -0.1434 0.1195 -0.9824
vn -0.0796 0.8287 -0.5539
vn -0.0005 0.0047 -1.0000
vn -0.0000 0.3492 -0.9370
vn -0.0034 0.1677 -0.9858
vn -0.0000 0.0408 -0.9992
vn -0.9942 -0.0525 -0.0935
vn -0.9150 0.3936 -0.0888
vn -0.9538 0.2859 -0.0920
vn -0.9770 -0.1927 -0.0915
vn -0.9610 0.2607 -0.0921
vn -0.9302 0.3557 -0.0904
vn -0.9951 -0.0301 -0.0941
vn -0.9156 0.3920 -0.0892
vn -0.9963 0.0621 -0.0588
vn -0.9932 -0.0705 -0.0931
vn -0.9127 0.3991 -0.0881
vn -0.9183 0.3858 -0.0889
vn -0.9762 0.1961 -0.0928
vn -0.8803 0.4665 -0.0857
vn -0.9454 -0.2695 -0.1831
vn 0.0076 0.9931 -0.1167
vn -0.8960 0.3930 -0.2067
vn -0.9015 0.3826 -0.2021
vn -0.9724 -0.2113 -0.0987
vn 0.0618 0.9904 -0.1236
vn -0.9400 -0.3332 -0.0739
vn -0.2074 0.9776 -0.0359
vn 0.0252 0.9992 -0.0306
vn 0.0139 -0.9995 0.0299
vn -0.8796 -0.4729 -0.0516
vn 0.0291 0.9955 -0.0905
vn -0.9006 -0.4115 -0.1397
vn -0.9967 0.0652 -0.0490
vn -0.0521 0.9982 -0.0290
vn 0.0007 0.9934 -0.1146
vn -0.0593 0.9978 -0.0291
vn 0.3099 0.9503 -0.0285
vn 0.6770 -0.7359 -0.0105
vn -0.2006 0.9797 -0.0006
vn -0.1043 0.9885 -0.1099
vn 0.0234 0.9997 -0.0000
vn 0.0066 0.9931 -0.1170
vn -0.0028 0.9932 -0.1161
vn -0.7692 0.6221 -0.1461
vn 0.0005 0.9932 -0.1163
vn 0.8221 0.5631 -0.0840
vn -0.9847 -0.0636 -0.1621
vn -0.0282 0.9955 0.0909
vn -0.0000 -0.9981 -0.0619
vn 0.0234 0.9364 0.3501
vn 0.3354 0.7907 -0.5121
vn -0.0000 0.9982 0.0606
vn 0.0021 -0.9999 -0.0147
vn 0.9669 -0.2418 -0.0821
vn 0.4104 -0.9119 -0.0000
vn 0.9901 0.0730 -0.1202
vn 0.9967 -0.0047 -0.0815
vn 0.5702 -0.8060 -0.1589
vn 0.0070 -0.9969 -0.0788
vn 0.5649 -0.8224 -0.0673
vn 0.4688 -0.8436 -0.2620
vn 0.9317 -0.3541 -0.0808
vn -0.1785 -0.9829 -0.0447
vn 0.1146 -0.9922 -0.0499
vn 0.9961 -0.0364 -0.0799
vn 0.8948 -0.4285 -0.1258
vn 0.9372 -0.3401 -0.0769
vn 0.7097 -0.7031 -0.0445
vn 0.9782 -0.1893 -0.0849
vn -0.0054 -0.9989 -0.0474
vn 0.9859 0.1462 -0.0820
vn 0.9932 -0.0005 -0.1162
vn 0.0262 -0.9995 -0.0164
vn 0.9858 -0.1495 -0.0767
vn 0.9947 0.0623 -0.0815
vn 0.9414 -0.2102 -0.2639
vn 0.9819 0.1486 -0.1177
vn 0.0633 0.9855 0.1577
vn 0.0319 -0.9890 -0.1446
vn -0.3958 -0.3012 -0.8675
vn -0.0113 -0.5994 -0.8003
vn 0.0113 -0.5986 -0.8009
vn -0.0000 -0.6000 -0.8000
vn 0.5448 -0.1591 -0.8233
vn -0.5417 -0.2116 -0.8135
vn 0.4448 0.0028 -0.8956
vn -0.4462 -0.0178 -0.8948
vn 0.4423 -0.0105 -0.8968
vn -0.4418 -0.0067 -0.8971
vn 0.4398 -0.0857 -0.8940
vn -0.4401 0.0875 -0.8937
vn 0.4415 -0.0772 -0.8939
vn -0.4382 0.1070 -0.8925
vn 0.4430 -0.1269 -0.8875
vn -0.4354 0.1721 -0.8836
vn 0.4386 -0.1709 -0.8823
vn -0.4383 0.1835 -0.8799
vn 0.4405 -0.1626 -0.8829
vn -0.4374 0.1801 -0.8810
vn -0.4376 0.1978 -0.8771
vn 0.4391 -0.1808 -0.8801
vn 0.4395 0.1548 -0.8848
vn -0.0159 -0.2819 -0.9593
vn -0.0084 -0.0603 -0.9981
vn -0.2387 -0.0780 -0.9679
vn 0.0163 -0.2808 -0.9596
vn 0.0084 -0.0595 -0.9982
vn -0.0000 -0.3019 -0.9534
vn -0.0000 -0.0599 -0.9982
vn 0.1909 -0.0373 -0.9809
vn -0.2382 -0.0098 -0.9712
vn -0.0228 -0.0006 -0.9997
vn 0.2720 0.0014 -0.9623
vn 0.0228 0.0001 -0.9997
vn -0.2362 -0.0039 -0.9717
vn -0.0227 -0.0000 -0.9997
vn 0.2672 -0.0068 -0.9636
vn 0.0226 -0.0002 -0.9997
vn -0.2362 0.0471 -0.9705
vn -0.0225 0.0045 -0.9997
vn 0.2673 -0.0520 -0.9622
vn 0.0225 -0.0044 -0.9997
vn -0.2372 0.0589 -0.9697
vn -0.0225 0.0055 -0.9997
vn 0.2727 -0.0468 -0.9610
vn 0.0225 -0.0045 -0.9997
vn -0.2423 0.0975 -0.9653
vn -0.0229 0.0089 -0.9997
vn 0.2830 -0.0794 -0.9558
vn 0.0229 -0.0074 -0.9997
vn -0.2529 0.1060 -0.9617
vn -0.0234 0.0098 -0.9997
vn 0.2823 -0.1100 -0.9530
vn 0.0234 -0.0093 -0.9997
vn -0.2537 0.1052 -0.9616
vn -0.0236 0.0097 -0.9997
vn 0.2876 -0.1055 -0.9519
vn 0.0236 -0.0090 -0.9997
vn -0.2587 0.1300 -0.9572
vn -0.0239 0.0118 -0.9996
vn 0.0239 -0.0106 -0.9997
vn 0.1606 -0.0862 -0.9832
vn -0.4426 0.0292 -0.8963
vn -0.0253 0.0363 -0.9990
vn 0.2328 0.0661 -0.9703
vn 0.0243 0.0199 -0.9995
vn 0.0586 0.5542 -0.8303
vn -0.0487 -0.8100 -0.5843
vn -0.0334 -0.8057 -0.5914
vn -0.0811 -0.8171 -0.5707
vn 0.4399 -0.6679 -0.6004
vn 0.0478 -0.8052 -0.5910
vn -0.9227 -0.3825 -0.0486
vn -0.0176 -0.0931 -0.9955
vn -0.0714 -0.9969 -0.0318
vn -0.0605 -0.9977 -0.0318
vn -0.0042 -0.0826 -0.9966
vn -0.0026 -0.0774 -0.9970
vn -0.0425 -0.9986 -0.0313
vn 0.1125 -0.0728 -0.9910
vn -0.0242 -0.9992 -0.0309
vn 0.0250 -0.9991 -0.0339
vn 0.7327 0.1087 -0.6718
vn 0.9966 -0.0608 -0.0547
vn 0.6325 -0.4929 -0.5975
vn 0.2545 -0.8810 -0.3987
vn 0.6786 -0.1716 -0.7142
vn 0.6811 -0.1442 -0.7178
vn 0.4223 -0.6844 -0.5943
vn 0.2816 -0.8732 -0.3978
vn 0.0389 -0.9459 -0.3221
vn -0.1677 -0.9128 -0.3723
vn -0.1729 -0.1716 -0.9699
vn -0.1285 -0.3742 -0.9184
vn 0.9977 -0.0684 -0.0017
vn 0.9994 0.0295 -0.0169
vn -0.2629 0.0232 -0.9646
vn 0.9862 -0.1631 -0.0298
vn -0.0965 0.1574 -0.9828
vn 0.5251 -0.8511 0.0031
vn -0.0783 0.2667 -0.9606
vn 0.3068 -0.9514 0.0265
vn -0.0077 0.3275 -0.9448
vn 0.0410 -0.9987 0.0306
vn 0.0611 0.2772 -0.9589
vn -0.1874 -0.9818 0.0309
vn 0.6926 0.0303 -0.7207
vn -0.3530 -0.9343 0.0488
vn -0.1507 -0.9886 0.0069
vn -0.0905 0.0270 -0.9955
vn -0.0000 -0.0131 -0.9999
vn 0.0079 -0.0003 -1.0000
vn -0.0044 0.1948 -0.9808
vn -0.0988 -0.4389 0.8931
vn 0.0226 0.5679 -0.8228
vn -0.0288 0.4711 -0.8816
vn 0.0002 0.4909 -0.8712
vn -0.0410 0.4734 -0.8799
vn 0.0593 0.5367 -0.8417
vn -0.0151 0.0673 -0.9976
vn -0.6104 0.3109 -0.7285
vn -0.0908 0.7077 -0.7007
vn 0.7357 -0.3453 0.5827
vn -0.6469 0.2633 -0.7157
vn -0.0391 0.0404 -0.9984
vn -0.0125 0.9797 -0.2002
vn 0.0020 0.7629 -0.6465
vn 0.3771 -0.4228 0.8240
vn 0.0010 -0.0156 -0.9999
vn 0.3163 -0.0782 -0.9454
vn 0.0086 0.7635 -0.6458
vn -0.0037 0.5336 -0.8457
vn 0.0251 -0.5909 -0.8064
vn -0.0000 -0.6376 -0.7704
vn 0.0003 -0.6376 -0.7703
vn -0.0113 -0.6356 -0.7719
vn -0.0582 -0.8856 -0.4608
vn -0.4300 -0.0901 -0.8983
vn -0.0092 0.0285 -0.9996
vn -0.0000 -0.6498 -0.7601
vn -0.0000 0.0084 -1.0000
vn 0.0139 -0.9163 -0.4003
vn 0.2049 -0.3990 -0.8938
vn 0.0021 -0.0656 -0.9978
vn -0.0000 -0.0898 -0.9960
vn 0.0026 -0.0601 -0.9982
vn -0.0034 -0.0546 -0.9985
vn 0.0051 0.1577 -0.9875
vn -0.0124 0.1950 -0.9807
vn -0.0985 0.0341 -0.9946
vn 0.0087 -0.0022 -1.0000
vn 0.0012 -0.0003 -1.0000
vn -0.0019 0.0007 -1.0000
vn -0.0376 0.5926 -0.8046
vn -0.0107 -0.3541 -0.9351
vn -0.4671 0.1616 -0.8693
vn 0.0078 0.3550 -0.9348
vn 0.9883 0.1035 -0.1120
vn -0.9510 0.2882 -0.1120
vn -0.2898 0.9539 -0.0781
vn 0.9482 -0.3091 -0.0733
vn -0.8767 0.4679 -0.1119
vn -0.3339 0.9422 0.0283
vn -0.7681 0.6305 -0.1119
vn 0.3009 -0.8859 -0.3532
vn -0.6310 0.7677 -0.1118
vn 0.6504 -0.6707 -0.3564
vn -0.4679 0.8767 -0.1119
vn -0.8381 0.0538 -0.5429
vn 0.9424 -0.3150 -0.1120
vn -0.2886 0.9509 -0.1119
vn -0.3077 -0.9448 -0.1123
vn 0.8759 -0.4693 -0.1118
vn -0.0969 0.9890 -0.1119
vn -0.4676 -0.8768 -0.1119
vn 0.7685 -0.6300 -0.1118
vn 0.0972 0.9889 -0.1120
vn -0.6306 -0.7680 -0.1118
vn 0.6300 -0.7685 -0.1120
vn 0.2885 0.9509 -0.1120
vn -0.7682 -0.6304 -0.1119
vn 0.4681 -0.8766 -0.1120
vn 0.4686 0.8763 -0.1120
vn -0.8767 -0.4678 -0.1119
vn 0.2885 -0.9509 -0.1120
vn 0.6305 0.7681 -0.1120
vn -0.9509 -0.2886 -0.1120
vn 0.1123 -0.9873 -0.1121
vn 0.7682 0.6303 -0.1120
vn -0.9889 -0.0979 -0.1118
vn 0.8762 0.4687 -0.1119
vn -0.9888 0.0986 -0.1118
vn 0.9511 0.2881 -0.1119
vn -0.0766 -0.5346 -0.8416
vn -0.1650 -0.5159 -0.8406
vn -0.2550 -0.4785 -0.8402
vn -0.3441 -0.4190 -0.8403
vn -0.4191 -0.3440 -0.8403
vn -0.4784 -0.2552 -0.8403
vn -0.5188 -0.1575 -0.8403
vn -0.5395 -0.0535 -0.8403
vn -0.5395 0.0540 -0.8403
vn -0.5189 0.1572 -0.8403
vn -0.4783 0.2552 -0.8403
vn -0.4190 0.3441 -0.8403
vn -0.3444 0.4187 -0.8403
vn -0.2551 0.4784 -0.8403
vn -0.1576 0.5188 -0.8402
vn -0.0528 0.5396 -0.8403
vn 0.0530 0.5396 -0.8403
vn 0.1574 0.5188 -0.8402
vn 0.2557 0.4781 -0.8403
vn 0.3440 0.4191 -0.8403
vn 0.4192 0.3439 -0.8403
vn 0.4781 0.2558 -0.8403
vn 0.5189 0.1572 -0.8403
vn 0.5383 0.0544 -0.8410
vn 0.5387 -0.0363 -0.8417
vn -0.0324 -0.5390 -0.8417
vn 0.5328 -0.0887 -0.8416
vn 0.5148 -0.1678 -0.8407
vn 0.4778 -0.2563 -0.8403
vn 0.4194 -0.3436 -0.8403
vn 0.3437 -0.4194 -0.8403
vn 0.2554 -0.4783 -0.8403
vn 0.1574 -0.5188 -0.8403
vn 0.0587 -0.5386 -0.8405
vn -0.3038 -0.9498 -0.0750
vn 0.8785 -0.4712 -0.0781
vn -0.0971 0.9922 -0.0780
vn -0.4689 -0.8798 -0.0781
vn 0.7712 -0.6317 -0.0781
vn 0.0974 0.9922 -0.0780
vn -0.6328 -0.7704 -0.0781
vn 0.6319 -0.7711 -0.0781
vn 0.2895 0.9540 -0.0780
vn -0.7706 -0.6325 -0.0780
vn 0.4695 -0.8795 -0.0780
vn 0.4701 0.8791 -0.0780
vn -0.8796 -0.4692 -0.0781
vn 0.2895 -0.9540 -0.0780
vn 0.6326 0.7706 -0.0780
vn -0.9540 -0.2896 -0.0780
vn 0.1080 -0.9913 -0.0758
vn 0.7707 0.6324 -0.0780
vn -0.9921 -0.0985 -0.0781
vn 0.8790 0.4703 -0.0780
vn -0.9920 0.0993 -0.0781
vn 0.9542 0.2890 -0.0780
vn -0.9541 0.2890 -0.0780
vn 0.9920 0.1003 -0.0771
vn -0.8796 0.4693 -0.0781
vn 0.9947 -0.0671 -0.0780
vn -0.7704 0.6328 -0.0781
vn -0.0598 -0.9952 -0.0779
vn -0.6333 0.7700 -0.0781
vn 0.9135 -0.1520 -0.3774
vn -0.4691 0.8797 -0.0781
vn -0.1415 -0.9869 -0.0777
vn 0.9943 -0.1060 -0.0060
vn 0.0995 0.9934 -0.0562
vn 0.7807 -0.6241 -0.0330
vn 0.3014 0.9453 -0.1248
vn 0.4157 -0.9093 -0.0215
vn -0.0413 -0.2645 0.9635
vn 0.7901 0.6126 -0.0208
vn -0.5996 -0.7987 0.0509
vn -0.7618 0.6467 0.0366
vn -0.1309 -0.9913 0.0141
vn -0.4755 0.8743 -0.0977
vn 0.9878 0.1553 -0.0092
vn 0.6435 -0.7637 -0.0522
vn -0.1562 0.9846 -0.0792
vn -0.9995 0.0287 -0.0110
vn -0.8332 -0.5505 0.0518
vn -0.2567 -0.9659 0.0347
vn -0.8647 0.5004 0.0426
vn -0.4738 0.8730 -0.1154
vn 0.8707 0.3397 -0.3555
vn 0.0184 -0.9979 -0.0620
vn -0.1815 0.9826 -0.0388
vn 0.7661 0.6014 -0.2267
vn 0.1171 -0.9901 -0.0775
vn 0.5015 -0.8603 -0.0919
vn 0.2976 0.9510 -0.0840
vn 0.8043 -0.5830 -0.1151
vn 0.0729 0.9965 -0.0414
vn 0.9173 -0.2799 -0.2832
vn 0.9911 -0.1335 -0.0000
vn -0.8260 -0.5637 -0.0000
vn -0.0179 -0.5420 -0.8402
vn -0.5826 -0.8123 -0.0268
vn 0.0647 -0.2694 0.9608
vn 0.1083 -0.5084 -0.8543
vn -0.9590 -0.2833 -0.0000
vn -0.0737 -0.0592 -0.9955
vn -0.0748 -0.1555 0.9850
vn 0.0936 -0.1169 -0.9887
vn 0.0936 -0.1169 0.9887
vn -0.0748 -0.1555 -0.9850
vn 0.0914 0.0046 0.9958
vn 0.0914 0.0046 -0.9958
vn 0.9988 0.0498 -0.0000
vn -0.0737 -0.0592 0.9955
vn 0.0798 -0.0235 -0.9965
vn 0.0798 -0.0235 0.9965
vn -0.7987 -0.6017 -0.0000
vn -0.0765 -0.0565 -0.9955
vn -0.0848 -0.0909 -0.9922
vn -0.8170 -0.5766 -0.0000
vn 0.9156 0.4020 -0.0000
vn -0.0848 -0.0909 0.9922
vn 0.0818 0.1033 0.9913
vn 0.0818 0.1033 -0.9913
vn 0.7888 0.6147 -0.0000
vn -0.0765 -0.0565 0.9955
vn 0.0765 0.0650 -0.9950
vn 0.0765 0.0650 0.9949
vn -0.4665 -0.8845 -0.0000
vn -0.0747 -0.1692 -0.9827
vn -0.0817 -0.0968 -0.9919
vn -0.6343 -0.7731 -0.0000
vn 0.6282 0.7780 -0.0000
vn -0.0817 -0.0968 0.9919
vn 0.0145 -0.9999 -0.0000
vn 0.1284 -0.9917 -0.0000
vn 0.4869 0.8735 -0.0000
vn -0.0747 -0.1692 0.9827
vn 0.0826 0.0733 -0.9939
vn 0.0826 0.0733 0.9939
vn -0.0000 1.0000 -0.0000
vn 0.9981 0.0614 -0.0000
vn -0.0000 -1.0000 -0.0000
vn -0.9766 0.2151 -0.0000
vn 0.0010 -1.0000 -0.0000
vn 0.0635 0.9980 -0.0000
vn 0.9986 -0.0523 -0.0000
vn -0.0635 -0.9980 -0.0000
vn -0.9843 0.1763 -0.0000
vn -0.0010 1.0000 -0.0000
vn -0.0069 0.1606 -0.9870
vn -0.0939 0.0399 -0.9948
vn 0.1317 0.6329 -0.7630
vn -0.0573 0.2703 -0.9611
vn -0.0943 0.4604 -0.8827
vn -0.0906 0.0398 -0.9951
vn -0.1186 -0.2323 -0.9654
vn -0.0544 -0.1659 -0.9846
vn -0.2567 0.1715 -0.9512
vn 0.0045 0.1529 -0.9882
vn -0.1598 -0.0347 -0.9865
vn -0.8808 -0.4735 -0.0030
vn 0.2175 -0.0848 -0.9724
vn 0.8896 0.4538 0.0518
vn -0.9965 0.0457 0.0695
vn -0.2209 -0.0126 0.9752
vn 0.0282 0.9926 -0.1179
vn -0.1438 0.6780 0.7209
vn 0.1575 0.7859 -0.5979
vn -0.2002 -0.9784 -0.0520
vn 0.4069 -0.9135 -0.0000
vn 0.7787 -0.6274 -0.0000
vn 0.9920 -0.1264 -0.0000
vn 0.9848 0.1734 -0.0000
vn -0.3946 -0.9158 -0.0753
vn 0.0249 -0.9997 -0.0000
vn 0.1123 -0.9937 -0.0000
vn -0.1112 -0.9938 -0.0000
vn -0.9657 0.2375 -0.1048
vn -0.9968 -0.0368 -0.0710
vn 0.9594 0.1392 -0.2451
vn -0.0000 -0.0021 1.0000
vn 0.0003 -0.0020 1.0000
vn -0.0179 -0.3175 0.9481
vn -0.0000 0.0055 1.0000
vn 0.0004 0.0053 1.0000
vn -0.1818 -0.0112 0.9833
vn -0.0073 0.0023 1.0000
vn 0.2218 0.0572 0.9734
vn -0.0398 0.0155 0.9991
vn -0.0349 -0.9990 -0.0292
vn -0.0184 0.1741 0.9846
vn 0.0205 0.1736 0.9846
vn -0.9424 -0.3340 -0.0184
vn -0.9766 -0.2122 -0.0359
vn 0.0002 0.3193 0.9477
vn 0.0384 -0.4293 0.9024
vn -0.0000 -0.0192 0.9998
vn -0.0967 0.2451 0.9647
vn 0.0175 0.0297 0.9994
vn 0.1520 -0.0058 0.9884
vn 0.2182 -0.0696 0.9734
vn -0.0305 0.9662 -0.2560
vn -0.1465 -0.9826 0.1139
vn -0.9152 0.3885 -0.1073
vn -0.1412 0.6893 -0.7106
vn 0.0292 0.9996 0.0036
vn -0.9104 0.3993 -0.1083
vn 0.0066 0.9954 -0.0957
vn 0.1526 -0.0001 0.9883
vn 0.0003 -0.0198 0.9998
vn 0.2353 -0.0090 0.9719
vn -0.0000 -0.0197 0.9998
vn 0.0591 -0.0206 0.9980
vn 0.0665 -0.3589 0.9310
vn 0.0090 -0.7299 0.6835
vn 0.2769 -0.5185 0.8090
vn -0.0356 0.0433 0.9984
vn -0.0035 0.0047 1.0000
vn 0.1309 -0.0074 0.9914
vn 0.1090 -0.0790 0.9909
vn 0.0719 -0.1234 0.9898
vn 0.0258 -0.5154 0.8565
vn 0.0207 0.2000 0.9796
vn 0.0149 0.3259 0.9453
vn -0.0274 0.1764 0.9839
vn -0.1135 -0.0284 0.9931
vn 0.0252 0.0980 0.9949
vn 0.0252 0.2902 0.9566
vn 0.0252 0.4713 0.8816
vn 0.0252 0.6342 0.7728
vn 0.0252 0.7728 0.6342
vn 0.0252 0.8816 0.4712
vn 0.0251 0.9577 0.2867
vn 0.0215 -0.9493 0.3136
vn 0.0252 -0.8816 0.4713
vn 0.0252 -0.7728 0.6342
vn 0.0252 -0.6342 0.7728
vn 0.0252 -0.4713 0.8816
vn 0.0252 -0.2902 0.9566
vn 0.0252 -0.0980 0.9949
vn 0.0391 0.0979 0.9944
vn 0.0391 0.2901 0.9562
vn 0.0391 0.4710 0.8812
vn 0.0391 0.6339 0.7724
vn 0.0391 0.7724 0.6339
vn 0.0391 0.8812 0.4711
vn 0.0391 0.9543 0.2964
vn 0.0400 -0.9629 0.2669
vn 0.0391 -0.8812 0.4710
vn 0.0391 -0.7724 0.6339
vn 0.0391 -0.6339 0.7724
vn 0.0391 -0.4710 0.8812
vn 0.0391 -0.2901 0.9562
vn 0.0391 -0.0979 0.9944
vn 0.0182 -0.9738 -0.2267
vn 0.0675 -0.2098 0.9754
vn 0.0504 -0.9298 0.3646
vn 0.0077 -0.9342 0.3566
vn 0.0409 -0.3893 0.9202
vn 0.1159 -0.6294 0.7684
vn 0.6801 -0.0719 -0.7296
vn 0.6801 -0.2128 -0.7016
vn 0.6801 -0.3456 -0.6466
vn 0.6801 -0.4651 -0.5667
vn 0.6801 -0.5667 -0.4651
vn 0.6801 -0.6466 -0.3456
vn 0.6789 -0.7024 -0.2140
vn 0.6801 0.7013 -0.2137
vn 0.6801 0.6466 -0.3456
vn 0.6801 0.5667 -0.4651
vn 0.6801 0.4651 -0.5667
vn 0.6801 0.3456 -0.6466
vn 0.6801 0.2128 -0.7016
vn 0.6801 0.0719 -0.7296
vn 0.0138 0.9565 -0.2915
vn 0.0138 0.8818 -0.4714
vn 0.0138 -0.0980 -0.9951
vn 0.0138 0.7730 -0.6343
vn 0.0138 -0.2903 -0.9568
vn 0.0138 0.6343 -0.7729
vn 0.0138 -0.4714 -0.8818
vn 0.0138 0.4714 -0.8818
vn 0.0138 -0.6343 -0.7729
vn 0.0138 0.2903 -0.9568
vn 0.0138 -0.7729 -0.6343
vn 0.0138 0.0980 -0.9951
vn 0.0138 -0.8818 -0.4714
vn 0.0138 -0.9565 -0.2915
vn 0.7564 -0.0641 -0.6510
vn 0.7564 -0.1899 -0.6260
vn 0.7564 -0.3083 -0.5769
vn 0.7564 -0.4150 -0.5056
vn 0.7564 -0.5056 -0.4150
vn 0.7564 -0.5769 -0.3083
vn 0.7651 -0.6272 -0.1460
vn 0.3443 0.6147 0.7097
vn 0.7564 0.5769 -0.3084
vn 0.7564 0.5057 -0.4150
vn 0.7564 0.4150 -0.5056
vn 0.7564 0.3083 -0.5769
vn 0.7564 0.1899 -0.6260
vn 0.7564 0.0641 -0.6510
vn 0.0045 0.9970 0.0771
vn 0.0188 0.8818 -0.4713
vn 0.0188 -0.0980 -0.9950
vn 0.0188 0.7729 -0.6343
vn 0.0188 -0.2902 -0.9568
vn 0.0188 0.6343 -0.7729
vn 0.0188 -0.4713 -0.8818
vn 0.0188 0.4713 -0.8818
vn 0.0188 -0.6343 -0.7729
vn 0.0188 0.2902 -0.9568
vn 0.0188 -0.7729 -0.6343
vn 0.0188 0.0980 -0.9950
vn 0.0188 -0.8818 -0.4713
vn -0.6905 -0.4496 0.5666
vn -0.6348 -0.3003 0.7119
vn -0.7172 -0.0508 0.6950
vn -0.7162 -0.0375 0.6969
vn -0.7145 -0.0210 0.6994
vn -0.7079 0.1422 0.6918
vn -0.7005 0.1901 0.6878
vn -0.6808 0.2977 0.6693
vn -0.6821 0.2935 0.6697
vn -0.6812 0.2916 0.6716
vn -0.6668 0.3534 0.6562
vn -0.6873 0.2628 0.6771
vn -0.7037 0.2956 0.6461
vn -0.7093 0.2126 0.6721
vn -0.7721 0.0990 0.6278
vn -0.1743 -0.3357 0.9257
vn -0.1132 -0.0372 0.9929
vn -0.1386 -0.0057 0.9903
vn -0.1378 -0.0023 0.9905
vn -0.1371 0.0282 0.9902
vn -0.1380 0.0377 0.9897
vn -0.1417 0.0618 0.9880
vn -0.1473 0.0640 0.9870
vn -0.1496 0.0639 0.9867
vn -0.1523 0.0807 0.9850
vn -0.1419 0.0526 0.9885
vn -0.1158 -0.0073 0.9932
vn -0.0986 -0.0164 0.9950
vn 0.5782 -0.6253 0.5241
vn 0.7327 0.1086 0.6718
vn 0.7360 0.0461 0.6755
vn 0.7365 -0.0014 0.6765
vn 0.7352 -0.0240 0.6774
vn 0.7268 -0.1390 0.6726
vn 0.7285 -0.1107 0.6760
vn 0.7209 -0.1824 0.6686
vn 0.7077 -0.2675 0.6539
vn 0.6962 -0.3159 0.6447
vn 0.1175 0.0130 0.9930
vn 0.1175 -0.0231 0.9928
vn 0.1471 0.0007 0.9891
vn 0.1471 -0.0037 0.9891
vn 0.1458 -0.0284 0.9889
vn 0.1464 -0.0251 0.9889
vn 0.1500 -0.0421 0.9878
vn 0.1554 -0.0605 0.9860
vn 0.1576 -0.0578 0.9858
vn 0.1377 -0.0738 0.9877
vn -0.0637 0.0791 0.9948
vn -0.3040 0.6711 0.6762
vn 0.0014 0.5472 0.8370
vn -0.0000 0.5472 0.8370
vn -0.1962 0.0626 0.9786
vn -0.2330 0.1941 0.9529
vn 0.0039 0.3481 0.9375
vn 0.0001 0.0046 1.0000
vn -0.0000 0.3492 0.9370
vn -0.0034 0.1677 0.9858
vn -0.0000 0.0408 0.9992
vn -0.9943 -0.0520 0.0932
vn -0.9150 0.3936 0.0888
vn -0.9538 0.2859 0.0920
vn -0.9770 -0.1927 0.0915
vn -0.9610 0.2607 0.0921
vn -0.9302 0.3557 0.0904
vn -0.9952 -0.0293 0.0936
vn -0.9156 0.3920 0.0892
vn -0.9963 0.0621 0.0588
vn -0.9932 -0.0703 0.0929
vn -0.9127 0.3991 0.0881
vn -0.9183 0.3858 0.0889
vn -0.9762 0.1961 0.0928
vn -0.8803 0.4665 0.0857
vn -0.9594 -0.2397 0.1483
vn 0.0076 0.9931 0.1167
vn -0.8818 0.4208 0.2130
vn -0.8929 0.4004 0.2060
vn -0.9232 0.3191 0.2142
vn 0.0618 0.9904 0.1236
vn -0.9605 -0.2590 0.1021
vn -0.2074 0.9776 0.0359
vn 0.0244 0.9990 0.0384
vn 0.0139 -0.9995 -0.0298
vn -0.9024 -0.4239 0.0766
vn 0.0291 0.9955 0.0905
vn -0.9060 -0.4015 0.1341
vn -0.9967 0.0652 0.0490
vn -0.0752 0.9971 0.0129
vn 0.0003 0.9937 0.1122
vn -0.0593 0.9978 0.0291
vn 0.2429 0.9700 0.0035
vn 0.6739 -0.7388 -0.0038
vn -0.2006 0.9797 0.0006
vn -0.0963 0.9880 0.1206
vn 0.0414 0.9991 0.0085
vn 0.0066 0.9931 0.1170
vn -0.0028 0.9932 0.1161
vn -0.7692 0.6221 0.1461
vn 0.0005 0.9932 0.1163
vn 0.8221 0.5632 0.0840
vn -0.9847 -0.0636 0.1621
vn -0.0282 0.9955 -0.0909
vn 0.0207 -0.9703 0.2410
vn 0.0127 0.9993 -0.0354
vn 0.6075 -0.6564 -0.4473
vn 0.6187 0.7849 -0.0336
vn 0.0065 -1.0000 -0.0000
vn 0.9665 -0.2429 0.0828
vn 0.1100 -0.9920 0.0624
vn 0.9900 0.0717 0.1213
vn 0.9968 -0.0020 0.0800
vn 0.6257 -0.7659 0.1479
vn -0.0348 -0.9983 0.0468
vn 0.5155 -0.8522 0.0894
vn 0.3347 -0.9155 0.2233
vn 0.9360 -0.3441 0.0739
vn -0.0733 -0.9930 0.0923
vn 0.1909 -0.9816 0.0103
vn 0.9952 -0.0468 0.0863
vn 0.8948 -0.4285 0.1258
vn 0.9372 -0.3401 0.0769
vn 0.7097 -0.7031 0.0445
vn 0.9814 -0.1761 0.0763
vn 0.0536 -0.9986 -0.0000
vn 0.9859 0.1462 0.0820
vn 0.9932 -0.0005 0.1162
vn 0.0232 -0.9996 0.0188
vn 0.9836 -0.1597 0.0837
vn 0.9947 0.0623 0.0815
vn 0.9414 -0.2102 0.2639
vn 0.9991 -0.0419 -0.0044
vn 0.7183 -0.4694 -0.5135
vn 0.0390 0.9905 0.1319
vn 0.0319 -0.9890 0.1446
vn -0.3958 -0.3012 0.8675
vn -0.0113 -0.5994 0.8003
vn 0.0448 -0.7005 0.7122
vn -0.0000 -0.6000 0.8000
vn 0.5448 -0.1591 0.8233
vn -0.4401 -0.0851 0.8939
vn 0.4448 0.0028 0.8956
vn -0.4441 -0.0164 0.8958
vn 0.4446 -0.0093 0.8957
vn -0.4418 -0.0067 0.8971
vn 0.4407 -0.0854 0.8936
vn -0.4390 0.0878 0.8942
vn 0.4401 -0.0776 0.8946
vn -0.4395 0.1067 0.8919
vn 0.4392 -0.1276 0.8893
vn -0.4392 0.1718 0.8818
vn 0.4400 -0.1707 0.8816
vn -0.4371 0.1837 0.8804
vn 0.4392 -0.1626 0.8835
vn -0.4391 0.1801 0.8802
vn -0.4067 0.2005 0.8913
vn 0.4582 -0.1773 0.8710
vn 0.4395 0.1548 0.8848
vn -0.0159 -0.2819 0.9593
vn -0.0228 -0.0239 0.9995
vn -0.2387 -0.0780 0.9679
vn 0.0191 -0.2991 0.9540
vn 0.0084 -0.0595 0.9982
vn -0.0000 -0.3019 0.9534
vn -0.0000 -0.0599 0.9982
vn 0.1909 -0.0373 0.9809
vn -0.2382 -0.0098 0.9712
vn -0.0227 -0.0008 0.9997
vn 0.2720 0.0014 0.9623
vn 0.0226 0.0004 0.9997
vn -0.2362 -0.0039 0.9717
vn -0.0225 -0.0003 0.9997
vn 0.2699 -0.0064 0.9629
vn 0.0226 -0.0002 0.9997
vn -0.2373 0.0472 0.9703
vn -0.0225 0.0045 0.9997
vn 0.2669 -0.0520 0.9623
vn 0.0225 -0.0044 0.9997
vn -0.2428 0.0593 0.9683
vn -0.0225 0.0055 0.9997
vn 0.2674 -0.0467 0.9625
vn 0.0225 -0.0045 0.9997
vn -0.2530 0.1000 0.9623
vn -0.0229 0.0089 0.9997
vn 0.2721 -0.0779 0.9591
vn 0.0229 -0.0074 0.9997
vn -0.2536 0.1062 0.9614
vn -0.0234 0.0098 0.9997
vn 0.2822 -0.1099 0.9530
vn 0.0234 -0.0093 0.9997
vn -0.2593 0.1068 0.9599
vn -0.0236 0.0097 0.9997
vn 0.2825 -0.1043 0.9536
vn 0.0236 -0.0090 0.9997
vn -0.3836 0.1674 0.9082
vn -0.0239 0.0118 0.9996
vn 0.0239 -0.0106 0.9997
vn 0.2874 -0.1126 0.9512
vn -0.8225 0.3970 0.4072
vn -0.0239 0.0364 0.9991
vn 0.2328 0.0661 0.9703
vn 0.0091 0.0426 0.9990
vn 0.0785 0.7185 0.6911
vn -0.0430 -0.8191 0.5721
vn -0.0300 -0.8106 0.5848
vn -0.0506 -0.8536 0.5184
vn 0.4608 -0.7152 0.5255
vn 0.0476 -0.8050 0.5913
vn -0.8136 -0.5767 0.0733
vn -0.1356 0.2306 0.9636
vn -0.0714 -0.9969 0.0318
vn -0.0592 -0.9978 0.0305
vn -0.0007 -0.0927 0.9957
vn -0.0004 -0.0826 0.9966
vn -0.0425 -0.9986 0.0313
vn 0.1135 -0.0741 0.9908
vn -0.0289 -0.9990 0.0338
vn 0.2518 -0.9596 -0.1255
vn 0.6577 -0.0417 0.7522
vn 0.9913 -0.1292 0.0243
vn 0.6325 -0.4929 0.5975
vn 0.2545 -0.8810 0.3987
vn 0.6786 -0.1716 0.7142
vn 0.5547 -0.1776 0.8129
vn 0.4172 -0.6804 0.6025
vn 0.2371 -0.8073 0.5404
vn 0.0208 -0.8903 0.4550
vn -0.1686 -0.8941 0.4150
vn -0.1729 -0.1716 0.9699
vn -0.0800 -0.2759 0.9579
vn 0.9977 -0.0684 0.0017
vn 0.9996 0.0243 0.0143
vn -0.2629 0.0232 0.9646
vn 0.9862 -0.1631 0.0298
vn -0.0965 0.1574 0.9828
vn 0.5170 -0.8558 0.0163
vn -0.0783 0.2667 0.9606
vn 0.2996 -0.9540 -0.0055
vn -0.0077 0.3275 0.9448
vn 0.0399 -0.9988 -0.0268
vn 0.0611 0.2772 0.9589
vn -0.1874 -0.9818 -0.0309
vn 0.6726 -0.1327 0.7280
vn -0.0737 -0.9957 0.0564
vn -0.1507 -0.9886 -0.0069
vn -0.1262 -0.8275 0.5472
vn -0.0000 -0.0131 0.9999
vn 0.0079 -0.0003 1.0000
vn -0.0044 0.1948 0.9808
vn -0.0988 -0.4389 -0.8931
vn 0.0088 0.4876 0.8730
vn -0.0042 0.6535 0.7570
vn -0.0034 0.4442 0.8959
vn -0.0410 0.4734 0.8799
vn 0.0034 0.7272 0.6864
vn -0.0151 0.0673 0.9976
vn -0.6104 0.3109 0.7285
vn -0.0910 0.5500 0.8302
vn 0.8275 -0.4525 -0.3324
vn -0.7357 0.3453 0.5827
vn -0.0296 0.0529 0.9982
vn -0.0125 0.9797 0.2002
vn 0.0164 0.9794 0.2013
vn 0.3771 -0.4228 -0.8240
vn 0.0076 0.0180 0.9998
vn 0.3163 -0.0782 0.9454
vn 0.0417 0.9656 0.2568
vn 0.0222 0.7646 0.6441
vn 0.0251 -0.5909 0.8064
vn -0.0000 -0.6376 0.7704
vn 0.0003 -0.6376 0.7703
vn -0.0113 -0.6356 0.7719
vn -0.0582 -0.8856 0.4608
vn -0.7848 0.1962 0.5879
vn -0.0092 0.0285 0.9996
vn -0.0000 -0.6498 0.7601
vn -0.0247 -0.0834 0.9962
vn 0.0003 -0.6498 0.7601
vn 0.2768 -0.6009 0.7498
vn 0.0078 -0.0048 1.0000
vn -0.0000 -0.0898 0.9960
vn 0.0023 -0.0656 0.9978
vn 0.0026 -0.0601 0.9982
vn -0.0042 -0.0595 0.9982
vn 0.0094 0.1925 0.9813
vn -0.0124 0.1950 0.9807
vn -0.0985 0.0341 0.9946
vn 0.0087 -0.0022 1.0000
vn 0.0012 -0.0004 1.0000
vn -0.0019 0.0007 1.0000
vn -0.0376 0.5926 0.8046
vn -0.0408 -0.5759 0.8165
vn -0.4671 0.1616 0.8693
vn 0.0284 0.5834 0.8117
vn 0.9883 0.1016 0.1141
vn -0.9510 0.2882 0.1120
vn -0.2898 0.9539 0.0781
vn 0.9448 -0.3183 0.0783
vn -0.8767 0.4679 0.1119
vn 0.4461 -0.0290 0.8945
vn -0.7679 0.6307 0.1121
vn 0.3009 -0.8859 0.3532
vn -0.6310 0.7677 0.1118
vn 0.9802 -0.1612 0.1150
vn -0.4677 0.8768 0.1121
vn -0.1424 -0.9833 0.1135
vn 0.9424 -0.3150 0.1120
vn -0.2886 0.9509 0.1119
vn -0.3077 -0.9448 0.1123
vn 0.8757 -0.4696 0.1122
vn -0.0968 0.9890 0.1121
vn -0.4676 -0.8768 0.1119
vn 0.7685 -0.6300 0.1118
vn 0.0972 0.9889 0.1119
vn -0.6307 -0.7679 0.1120
vn 0.6300 -0.7685 0.1120
vn 0.2885 0.9509 0.1120
vn -0.7682 -0.6304 0.1119
vn 0.4680 -0.8766 0.1120
vn 0.4686 0.8763 0.1120
vn -0.8768 -0.4677 0.1121
vn 0.2885 -0.9509 0.1120
vn 0.6305 0.7681 0.1120
vn -0.9509 -0.2886 0.1120
vn 0.1085 -0.9873 0.1162
vn 0.7682 0.6303 0.1120
vn -0.9889 -0.0979 0.1118
vn 0.8762 0.4687 0.1119
vn -0.9888 0.0989 0.1121
vn 0.9511 0.2880 0.1119
vn -0.0766 -0.5346 0.8416
vn -0.1651 -0.5157 0.8407
vn -0.2550 -0.4785 0.8402
vn -0.3441 -0.4190 0.8402
vn -0.4191 -0.3440 0.8402
vn -0.4784 -0.2552 0.8403
vn -0.5188 -0.1575 0.8403
vn -0.5395 -0.0535 0.8403
vn -0.5395 0.0539 0.8402
vn -0.5189 0.1572 0.8403
vn -0.4783 0.2552 0.8403
vn -0.4190 0.3441 0.8403
vn -0.3444 0.4187 0.8403
vn -0.2552 0.4784 0.8402
vn -0.1576 0.5188 0.8403
vn -0.0528 0.5396 0.8402
vn 0.0530 0.5396 0.8403
vn 0.1574 0.5188 0.8403
vn 0.2557 0.4781 0.8402
vn 0.3440 0.4191 0.8403
vn 0.4192 0.3439 0.8403
vn 0.4781 0.2558 0.8403
vn 0.5189 0.1572 0.8402
vn 0.5392 0.0554 0.8404
vn 0.5398 -0.0351 0.8411
vn -0.0313 -0.5398 0.8412
vn 0.5333 -0.0877 0.8413
vn 0.5151 -0.1676 0.8406
vn 0.4779 -0.2563 0.8402
vn 0.4194 -0.3436 0.8403
vn 0.3437 -0.4194 0.8403
vn 0.2554 -0.4783 0.8402
vn 0.1574 -0.5188 0.8403
vn 0.0587 -0.5386 0.8405
vn 0.0961 -0.0962 0.9907
vn -0.3091 -0.9478 0.0781
vn 0.8788 -0.4709 0.0779
vn -0.0972 0.9922 0.0779
vn -0.4689 -0.8798 0.0781
vn 0.7712 -0.6317 0.0781
vn 0.0974 0.9922 0.0780
vn -0.6326 -0.7705 0.0780
vn 0.6320 -0.7710 0.0780
vn 0.2895 0.9540 0.0780
vn -0.7706 -0.6325 0.0780
vn 0.4695 -0.8795 0.0780
vn 0.4701 0.8791 0.0780
vn -0.8796 -0.4693 0.0780
vn 0.2895 -0.9540 0.0780
vn 0.6326 0.7706 0.0780
vn -0.9540 -0.2896 0.0780
vn 0.1080 -0.9913 0.0758
vn 0.7707 0.6324 0.0780
vn -0.9921 -0.0985 0.0781
vn 0.8790 0.4703 0.0780
vn -0.9920 0.0990 0.0779
vn 0.9542 0.2890 0.0780
vn -0.9541 0.2890 0.0780
vn 0.9920 0.1003 0.0771
vn -0.8796 0.4693 0.0781
vn 0.8479 -0.4635 0.2573
vn -0.7706 0.6326 0.0779
vn -0.9348 0.0645 0.3494
vn -0.6333 0.7700 0.0781
vn -0.2307 0.9729 -0.0131
vn -0.4693 0.8796 0.0779
vn -0.1415 -0.9869 0.0777
vn 0.9915 -0.1263 0.0325
vn 0.0995 0.9934 0.0562
vn 0.7781 -0.6270 0.0384
vn 0.3014 0.9453 0.1248
vn 0.4069 -0.9125 0.0411
vn -0.0413 -0.2645 -0.9635
vn 0.7901 0.6126 0.0208
vn -0.7302 0.6697 0.1352
vn -0.1309 -0.9913 -0.0141
vn -0.4664 0.8717 0.1502
vn 0.9878 0.1553 0.0092
vn 0.6190 -0.7854 -0.0000
vn -0.1562 0.9846 0.0792
vn -0.9995 0.0287 0.0110
vn -0.9204 -0.3757 0.1085
vn -0.2567 -0.9659 -0.0347
vn -0.7534 0.6298 0.1891
vn -0.4747 0.8728 0.1137
vn 0.8707 0.3397 0.3555
vn 0.0184 -0.9979 0.0620
vn -0.1558 0.9825 0.1017
vn 0.7661 0.6014 0.2267
vn 0.0976 -0.9908 0.0940
vn 0.4123 -0.8937 0.1771
vn 0.2976 0.9510 0.0840
vn 0.7726 -0.6176 0.1472
vn 0.0992 0.9899 0.1012
vn 0.9820 -0.1047 0.1571
vn -0.0389 -0.5237 0.8510
vn -0.5826 -0.8123 0.0268
vn 0.0985 -0.2133 -0.9720
vn 0.1083 -0.5084 0.8543
vn -0.0876 -0.0520 0.9948
vn 0.0850 -0.1111 0.9902
vn -0.0663 -0.1583 0.9852
vn 0.0806 0.0047 0.9967
vn 0.0937 -0.0321 0.9951
vn -0.0845 -0.0584 0.9947
vn -0.0742 -0.0898 0.9932
vn 0.0805 0.1024 0.9915
vn 0.0845 0.0670 0.9942
vn -0.0257 -0.1271 0.9916
vn -0.0804 -0.0960 0.9921
vn 0.0307 0.0273 0.9992
vn -0.0069 0.1606 0.9870
vn -0.0939 0.0399 0.9948
vn 0.1317 0.6329 0.7630
vn 0.0878 0.2677 0.9595
vn 0.2135 0.4180 0.8830
vn -0.0906 0.0398 0.9951
vn -0.3194 -0.1717 0.9319
vn -0.2397 -0.0850 0.9671
vn -0.2567 0.1715 0.9512
vn 0.0045 0.1529 0.9882
vn -0.1598 -0.0347 0.9865
vn -0.8808 -0.4735 0.0030
vn 0.2175 -0.0848 0.9724
vn 0.7132 0.6997 -0.0421
vn -0.9965 0.0457 -0.0695
vn -0.2209 -0.0126 -0.9752
vn 0.0525 0.9928 0.1076
vn -0.1438 0.6780 -0.7209
vn 0.1575 0.7859 0.5979
vn -0.2002 -0.9784 0.0520
vn 0.7636 0.6456 -0.0000
vn -0.4168 -0.9075 0.0523
vn -0.9657 0.2375 0.1048
vn -0.9968 -0.0368 0.0710
vn 0.9594 0.1392 0.2451
vn -0.0000 -0.0021 -1.0000
vn 0.0003 -0.0020 -1.0000
vn -0.0179 -0.3175 -0.9481
vn 0.0001 0.0047 -1.0000
vn -0.1341 -0.0912 -0.9868
vn -0.0398 -0.0377 -0.9985
vn -0.0193 0.0227 -0.9996
vn 0.0001 0.1832 -0.9831
vn -0.0005 0.1642 -0.9864
vn 0.0002 0.3193 -0.9477
vn 0.0522 -0.4415 -0.8957
vn -0.0000 -0.0192 -0.9998
vn 0.0175 0.0297 -0.9994
vn 0.1520 -0.0058 -0.9884
vn -0.1360 0.9819 0.1319
vn -0.1465 -0.9826 -0.1139
vn 0.0700 0.0955 -0.9930
vn 0.0282 -0.2624 -0.9645
vn 0.2355 -0.0081 -0.9718
vn -0.0002 -0.3818 -0.9243
vn 0.0473 -0.4856 -0.8729
vn 0.0090 -0.7299 -0.6835
vn 0.2319 -0.1195 -0.9654
vn -0.0369 -0.0106 -0.9993
vn 0.0085 -0.0750 -0.9971
vn 0.3484 -0.1519 -0.9250
vn 0.0394 -0.0132 -0.9991
vn 0.0671 -0.0360 -0.9971
vn 0.2724 -0.5042 -0.8195
vn 0.2283 -0.7527 -0.6175
vn 0.3170 -0.2242 -0.9216
vn 0.3121 -0.2558 -0.9150
vn 0.2769 -0.5185 -0.8090
vn 0.2823 -0.0208 -0.9591
vn 0.0276 0.0029 -0.9996
vn 0.0286 0.0087 -0.9996
vn 0.0342 -0.0945 -0.9949
vn -0.0149 -0.0458 -0.9988
vn 0.0695 0.0763 -0.9947
vn 0.1033 0.0552 -0.9931
vn -0.0220 -0.0412 -0.9989
vn -0.0312 -0.0380 -0.9988
vn 0.0838 0.0688 -0.9941
vn 0.0672 0.0818 -0.9944
vn -0.0442 -0.0363 -0.9984
vn -0.0683 -0.0365 -0.9970
vn 0.0512 0.0958 -0.9941
vn 0.0341 0.1125 -0.9931
vn -0.0936 -0.0385 -0.9949
vn -0.0710 -0.0215 -0.9972
vn 0.0133 0.1349 -0.9908
vn -0.0166 0.1694 -0.9854
vn -0.0516 -0.0051 -0.9987
vn -0.0429 0.0043 -0.9991
vn -0.0749 0.2399 -0.9679
vn -0.0801 0.2638 -0.9612
vn -0.0382 0.0116 -0.9992
vn -0.0357 0.0191 -0.9992
vn -0.0411 0.0770 -0.9962
vn -0.0347 0.0285 -0.9990
vn -0.0035 0.0047 -1.0000
vn 0.1309 -0.0074 -0.9914
vn 0.1090 -0.0790 -0.9909
vn 0.0719 -0.1234 -0.9898
vn 0.0197 -0.4929 -0.8698
vn 0.0039 0.1650 -0.9863
vn 0.0571 0.2224 -0.9733
vn 0.0172 0.2310 -0.9728
vn -0.1135 -0.0284 -0.9931
vn 0.0252 0.8816 -0.4712
vn 0.0251 0.9577 -0.2867
vn 0.0251 -0.9577 -0.2867
vn 0.0252 -0.8816 -0.4713
vn 0.0391 0.8812 -0.4710
vn 0.0391 0.9543 -0.2964
vn 0.0400 -0.9629 -0.2669
vn 0.0391 -0.8812 -0.4711
vn 0.0182 -0.9738 0.2267
vn 0.0470 -0.1412 -0.9889
vn 0.0609 -0.2087 -0.9761
vn 0.0542 -0.2514 -0.9664
vn 0.0287 -0.8059 -0.5913
vn 0.0409 -0.3893 -0.9202
vn -0.0883 -0.6083 -0.7888
vn 0.6800 -0.7023 0.2109
vn 0.6201 0.7796 0.0876
vn 0.0138 0.9565 0.2915
vn 0.0138 0.7729 0.6343
vn 0.0138 -0.8818 0.4714
vn 0.0138 -0.9565 0.2915
vn 0.7564 -0.3083 0.5769
vn 0.7564 -0.4150 0.5056
vn 0.7564 -0.5056 0.4150
vn 0.7564 -0.5769 0.3084
vn 0.7566 -0.6248 0.1931
vn 0.9839 -0.0705 0.1642
vn 0.7564 0.3083 0.5769
vn 0.0186 0.9711 0.2379
vn -0.6561 -0.4039 -0.6375
vn -0.7172 -0.0508 -0.6950
vn -0.7162 -0.0375 -0.6969
vn -0.7145 -0.0210 -0.6994
vn -0.7058 0.1454 -0.6933
vn -0.6995 0.1914 -0.6885
vn -0.6814 0.2971 -0.6689
vn -0.6803 0.2956 -0.6707
vn -0.6816 0.2912 -0.6713
vn -0.6667 0.3534 -0.6562
vn -0.7168 0.2287 -0.6587
vn -0.6904 0.3103 -0.6535
vn -0.6853 0.2541 -0.6825
vn -0.7721 0.0990 -0.6278
vn -0.1003 -0.4277 -0.8983
vn -0.1386 -0.0096 -0.9903
vn -0.1378 -0.0066 -0.9904
vn -0.1369 -0.0032 -0.9906
vn -0.1371 0.0282 -0.9902
vn -0.1380 0.0377 -0.9897
vn -0.1417 0.0618 -0.9880
vn -0.1473 0.0640 -0.9870
vn -0.1496 0.0639 -0.9867
vn -0.1523 0.0807 -0.9850
vn -0.1419 0.0526 -0.9885
vn -0.1158 -0.0073 -0.9932
vn -0.1865 0.0842 -0.9788
vn 0.7323 0.1093 -0.6721
vn 0.7357 0.0467 -0.6757
vn 0.7365 -0.0014 -0.6765
vn 0.7352 -0.0240 -0.6774
vn 0.7268 -0.1390 -0.6726
vn 0.7285 -0.1107 -0.6760
vn 0.7209 -0.1824 -0.6686
vn 0.7077 -0.2675 -0.6539
vn 0.6962 -0.3159 -0.6447
vn 0.1175 0.0130 -0.9930
vn 0.1482 0.0094 -0.9889
vn 0.1471 0.0007 -0.9891
vn 0.1459 -0.0048 -0.9893
vn 0.1464 -0.0280 -0.9888
vn 0.1501 -0.0228 -0.9884
vn 0.1556 -0.0394 -0.9870
vn 0.1576 -0.0596 -0.9857
vn 0.1378 -0.0625 -0.9885
vn 0.2455 -0.0260 -0.9690
vn -0.0637 0.0791 -0.9948
vn -0.4507 0.6793 -0.5791
vn -0.0090 0.5150 -0.8571
vn -0.1591 0.0080 -0.9872
vn -0.2343 0.0748 -0.9693
vn -0.2343 0.1053 -0.9664
vn 0.0039 0.3481 -0.9375
vn -0.0106 0.0070 -0.9999
vn 0.0001 0.0055 -1.0000
vn 0.0149 0.3453 -0.9384
vn -0.9943 -0.0520 -0.0932
vn -0.9153 0.3930 -0.0884
vn -0.9536 0.2867 -0.0924
vn -0.9773 -0.1907 -0.0927
vn -0.9613 0.2597 -0.0914
vn -0.9301 0.3560 -0.0907
vn -0.9952 -0.0293 -0.0936
vn -0.9158 0.3917 -0.0889
vn -0.9868 0.1307 -0.0952
vn -0.9932 -0.0703 -0.0929
vn -0.9131 0.3983 -0.0874
vn -0.9181 0.3862 -0.0892
vn -0.9764 0.1951 -0.0922
vn -0.8803 0.4666 -0.0857
vn -0.9594 -0.2397 -0.1483
vn 0.0029 0.9926 -0.1215
vn -0.8818 0.4208 -0.2130
vn -0.8929 0.4004 -0.2060
vn -0.9232 0.3191 -0.2142
vn 0.0714 0.9916 -0.1081
vn -0.9605 -0.2590 -0.1021
vn -0.2620 0.9631 -0.0624
vn 0.0244 0.9990 -0.0384
vn 0.0136 -0.9997 0.0212
vn -0.9024 -0.4239 -0.0766
vn 0.0010 0.9932 -0.1167
vn -0.9060 -0.4015 -0.1341
vn -0.9795 0.2013 -0.0043
vn -0.0752 0.9971 -0.0129
vn 0.0003 0.9937 -0.1122
vn 0.0468 0.9989 -0.0043
vn 0.2429 0.9700 -0.0035
vn 0.6739 -0.7388 0.0038
vn -0.2805 0.9594 -0.0302
vn -0.0963 0.9880 -0.1206
vn 0.0414 0.9991 -0.0085
vn 0.0070 0.9931 -0.1167
vn -0.5124 0.8586 -0.0129
vn 0.7118 0.7024 -0.0000
vn -0.9803 -0.1848 -0.0698
vn 0.0207 -0.9703 -0.2410
vn 0.0127 0.9993 0.0354
vn 0.6075 -0.6564 0.4473
vn 0.6187 0.7849 0.0336
vn 0.9665 -0.2429 -0.0828
vn 0.1100 -0.9920 -0.0624
vn 0.9900 0.0717 -0.1213
vn 0.9968 -0.0020 -0.0800
vn 0.6257 -0.7659 -0.1479
vn -0.0348 -0.9983 -0.0468
vn 0.5155 -0.8522 -0.0894
vn 0.3347 -0.9155 -0.2233
vn 0.9360 -0.3441 -0.0739
vn -0.0733 -0.9930 -0.0923
vn 0.1909 -0.9816 -0.0103
vn 0.9952 -0.0468 -0.0863
vn 0.8573 -0.5095 -0.0739
vn 0.9363 -0.3432 -0.0740
vn 0.6283 -0.7780 -0.0000
vn 0.9814 -0.1761 -0.0763
vn 0.9903 0.1209 -0.0685
vn 0.9935 0.0023 -0.1138
vn 0.0232 -0.9996 -0.0188
vn 0.9836 -0.1597 -0.0837
vn 0.9945 0.0644 -0.0827
vn 0.8443 -0.5253 -0.1057
vn 0.9991 -0.0419 0.0044
vn 0.7183 -0.4694 0.5135
vn 0.0390 0.9905 -0.1319
vn -0.0446 -0.7030 -0.7098
vn 0.0448 -0.7005 -0.7122
vn 0.4413 -0.0434 -0.8963
vn -0.4401 -0.0851 -0.8939
vn 0.4446 0.0029 -0.8957
vn -0.4441 -0.0164 -0.8958
vn 0.4446 -0.0093 -0.8957
vn -0.4441 -0.0054 -0.8960
vn 0.4407 -0.0854 -0.8936
vn -0.4390 0.0878 -0.8942
vn 0.4401 -0.0776 -0.8946
vn -0.4395 0.1067 -0.8919
vn 0.4392 -0.1276 -0.8893
vn -0.4392 0.1718 -0.8818
vn 0.4400 -0.1707 -0.8816
vn -0.4371 0.1837 -0.8804
vn 0.4392 -0.1626 -0.8835
vn -0.4391 0.1801 -0.8802
vn -0.4067 0.2005 -0.8913
vn 0.4582 -0.1773 -0.8710
vn 0.3744 0.1646 -0.9125
vn -0.0193 -0.3046 -0.9523
vn -0.0228 -0.0239 -0.9995
vn -0.1848 -0.0722 -0.9801
vn 0.0191 -0.2991 -0.9540
vn 0.0228 -0.0217 -0.9995
vn 0.2711 -0.0792 -0.9593
vn -0.2398 -0.0095 -0.9708
vn -0.0227 -0.0008 -0.9997
vn 0.2699 0.0017 -0.9629
vn 0.0226 0.0004 -0.9997
vn -0.2382 -0.0036 -0.9712
vn -0.0225 -0.0003 -0.9997
vn 0.2699 -0.0064 -0.9629
vn 0.0225 -0.0005 -0.9997
vn -0.2373 0.0472 -0.9703
vn 0.2669 -0.0520 -0.9623
vn -0.2428 0.0593 -0.9683
vn -0.0229 0.0051 -0.9997
vn 0.2674 -0.0467 -0.9625
vn 0.0229 -0.0040 -0.9997
vn -0.2530 0.1000 -0.9623
vn -0.0234 0.0084 -0.9997
vn 0.2721 -0.0779 -0.9591
vn 0.0234 -0.0068 -0.9997
vn -0.2536 0.1062 -0.9615
vn 0.2822 -0.1099 -0.9530
vn 0.0236 -0.0091 -0.9997
vn -0.2593 0.1068 -0.9599
vn -0.0239 0.0095 -0.9997
vn 0.2825 -0.1043 -0.9536
vn 0.0239 -0.0088 -0.9997
vn -0.3836 0.1674 -0.9082
vn -0.0241 0.0114 -0.9996
vn 0.0243 -0.0100 -0.9997
vn 0.2874 -0.1126 -0.9512
vn -0.6002 0.1571 -0.7842
vn -0.8693 0.3904 0.3033
vn 0.0047 0.0376 -0.9993
vn -0.0238 0.0392 -0.9989
vn 0.1469 0.0551 -0.9876
vn -0.0072 0.1794 -0.9838
vn 0.0091 0.0426 -0.9990
vn 0.0188 0.2172 -0.9760
vn 0.0207 0.7858 -0.6181
vn -0.0430 -0.8191 -0.5721
vn -0.0300 -0.8106 -0.5848
vn -0.0506 -0.8536 -0.5184
vn 0.4608 -0.7152 -0.5255
vn 0.0476 -0.8050 -0.5913
vn -1.0000 -0.0000 -0.0000
vn -0.8083 -0.5730 -0.1352
vn -0.1356 0.2306 -0.9636
vn -0.1643 -0.9851 0.0504
vn -0.0592 -0.9978 -0.0305
vn -0.0007 -0.0927 -0.9957
vn -0.0004 -0.0826 -0.9966
vn -0.0434 -0.9986 -0.0305
vn 0.1135 -0.0741 -0.9908
vn -0.0289 -0.9990 -0.0338
vn 0.2518 -0.9596 0.1255
vn 0.6577 -0.0417 -0.7522
vn 0.9970 -0.0116 -0.0763
vn 0.9915 -0.1292 0.0169
vn 0.7280 -0.1814 -0.6611
vn 0.5547 -0.1776 -0.8129
vn 0.4172 -0.6804 -0.6025
vn 0.2371 -0.8073 -0.5404
vn 0.0208 -0.8903 -0.4550
vn -0.1686 -0.8941 -0.4150
vn -0.2453 -0.1959 -0.9495
vn 0.0300 -0.0475 -0.9984
vn -0.1827 -0.2272 -0.9566
vn 0.9981 -0.0540 -0.0303
vn 0.9726 0.2075 -0.1050
vn 0.9996 0.0243 -0.0112
vn -0.0954 0.0944 -0.9910
vn 0.9864 -0.1612 -0.0325
vn -0.0822 0.1514 -0.9851
vn 0.5170 -0.8558 -0.0163
vn -0.0391 0.2115 -0.9766
vn 0.2996 -0.9540 0.0055
vn 0.0170 0.2318 -0.9726
vn 0.0399 -0.9988 0.0268
vn 0.0665 -0.1300 -0.9893
vn -0.1665 -0.9856 -0.0302
vn 0.2802 -0.8524 -0.4416
vn 0.7176 -0.1276 -0.6847
vn -0.1463 -0.9888 -0.0298
vn -0.0734 -0.9917 -0.1051
vn -0.1306 -0.9914 0.0023
vn -0.1262 -0.8275 -0.5472
vn -0.0029 -0.0179 -0.9998
vn -0.0073 -0.0110 -0.9999
vn -0.0301 0.0127 -0.9995
vn 0.0088 0.4876 -0.8730
vn -0.0042 0.6535 -0.7570
vn -0.0034 0.4442 -0.8959
vn 0.0034 0.7272 -0.6864
vn -0.0198 0.0648 -0.9977
vn -0.5986 0.3005 -0.7426
vn -0.0910 0.5500 -0.8302
vn 0.8275 -0.4525 0.3324
vn -0.7357 0.3453 -0.5827
vn -0.0296 0.0529 -0.9982
vn -0.0005 0.8522 -0.5232
vn 0.0069 0.8571 -0.5150
vn 0.0033 0.9962 -0.0870
vn 0.2355 -0.0216 -0.9716
vn 0.7158 0.6468 -0.2632
vn 0.0076 0.0180 -0.9998
vn 0.2945 -0.0783 -0.9524
vn 0.0417 0.9656 -0.2568
vn 0.0222 0.7646 -0.6441
vn 0.0064 -0.3592 -0.9333
vn 0.0024 -0.6087 -0.7934
vn -0.0009 -0.6084 -0.7936
vn -0.0015 -0.6495 -0.7603
vn -0.6172 0.0434 -0.7856
vn -0.9706 0.2257 -0.0832
vn -0.0176 0.0128 -0.9998
vn -0.0247 -0.0834 -0.9962
vn 0.0003 -0.6498 -0.7601
vn 0.2405 -0.4973 -0.8336
vn 0.5791 -0.5295 -0.6199
vn 0.0078 -0.0048 -1.0000
vn 0.0023 -0.0656 -0.9978
vn 0.0006 -0.0399 -0.9992
vn -0.0042 -0.0595 -0.9982
vn 0.0094 0.1925 -0.9813
vn -0.0131 0.1994 -0.9798
vn -0.0342 0.0388 -0.9987
vn 0.0308 0.0162 -0.9994
vn 0.0012 -0.0004 -1.0000
vn -0.0093 0.3600 -0.9329
vn -0.0408 -0.5759 -0.8165
vn -0.4490 0.1586 -0.8793
vn 0.0284 0.5834 -0.8117
vn 0.9883 0.1016 -0.1141
vn -0.9510 0.2881 -0.1121
vn -0.2896 0.9540 -0.0780
vn 0.9448 -0.3183 -0.0783
vn -0.8767 0.4678 -0.1120
vn 0.4461 -0.0290 -0.8945
vn -0.7679 0.6307 -0.1121
vn -0.0575 -0.9919 -0.1132
vn -0.6312 0.7675 -0.1121
vn 0.9802 -0.1612 -0.1150
vn -0.4677 0.8768 -0.1121
vn -0.1424 -0.9833 -0.1135
vn 0.9441 -0.3072 -0.1200
vn -0.2888 0.9508 -0.1121
vn -0.3029 -0.9458 -0.1174
vn 0.8757 -0.4696 -0.1122
vn -0.0968 0.9890 -0.1121
vn -0.4674 -0.8769 -0.1121
vn 0.7687 -0.6297 -0.1122
vn 0.0972 0.9889 -0.1121
vn -0.6307 -0.7679 -0.1120
vn 0.6299 -0.7686 -0.1119
vn 0.2886 0.9509 -0.1120
vn -0.7681 -0.6304 -0.1120
vn 0.4680 -0.8766 -0.1120
vn -0.8768 -0.4677 -0.1121
vn -0.9509 -0.2886 -0.1121
vn 0.1085 -0.9873 -0.1162
vn -0.9889 -0.0981 -0.1120
vn 0.8762 0.4688 -0.1120
vn -0.9888 0.0989 -0.1121
vn 0.9511 0.2880 -0.1119
vn -0.0775 -0.5349 -0.8413
vn -0.1651 -0.5157 -0.8407
vn -0.3441 -0.4190 -0.8402
vn -0.4191 -0.3440 -0.8402
vn -0.5396 -0.0535 -0.8402
vn -0.5395 0.0539 -0.8402
vn -0.4784 0.2553 -0.8402
vn -0.3444 0.4188 -0.8402
vn -0.2552 0.4784 -0.8402
vn -0.0528 0.5396 -0.8402
vn 0.0530 0.5396 -0.8402
vn 0.1574 0.5188 -0.8403
vn 0.2557 0.4781 -0.8402
vn 0.4781 0.2558 -0.8402
vn 0.5189 0.1572 -0.8402
vn 0.5392 0.0554 -0.8404
vn 0.5398 -0.0351 -0.8411
vn -0.0313 -0.5398 -0.8412
vn 0.5333 -0.0877 -0.8413
vn 0.5151 -0.1676 -0.8406
vn 0.4779 -0.2563 -0.8402
vn 0.4194 -0.3436 -0.8402
vn 0.2554 -0.4783 -0.8402
vn 0.1574 -0.5189 -0.8402
vn 0.0591 -0.5381 -0.8408
vn -0.1039 0.1340 -0.9855
vn -0.0380 -0.1164 -0.9925
vn -0.0534 0.0795 -0.9954
vn 0.1497 -0.1930 -0.9697
vn 0.1681 -0.0566 -0.9841
vn 0.0737 -0.1083 -0.9914
vn -0.3091 -0.9478 -0.0781
vn 0.8788 -0.4709 -0.0779
vn -0.0972 0.9922 -0.0779
vn -0.4691 -0.8797 -0.0779
vn 0.7711 -0.6320 -0.0779
vn 0.0975 0.9922 -0.0780
vn -0.6326 -0.7705 -0.0780
vn 0.6320 -0.7710 -0.0780
vn -0.7707 -0.6324 -0.0780
vn 0.4696 -0.8794 -0.0780
vn -0.8796 -0.4693 -0.0780
vn 0.1122 -0.9906 -0.0781
vn -0.9921 -0.0983 -0.0780
vn 0.8791 0.4703 -0.0780
vn -0.9920 0.0990 -0.0779
vn 0.9541 0.2890 -0.0780
vn -0.9541 0.2891 -0.0779
vn 0.9917 0.1019 -0.0781
vn -0.8795 0.4694 -0.0780
vn 0.8479 -0.4635 -0.2573
vn -0.7706 0.6326 -0.0779
vn -0.9348 0.0645 -0.3494
vn -0.6331 0.7701 -0.0779
vn -0.2307 0.9729 0.0131
vn -0.4693 0.8796 -0.0779
vn 0.3153 -0.9252 -0.2114
vn 0.9915 -0.1263 -0.0325
vn 0.0930 0.9901 -0.1055
vn 0.7781 -0.6270 -0.0384
vn 0.3135 0.9489 -0.0362
vn 0.4069 -0.9125 -0.0411
vn -0.0684 -0.2322 0.9702
vn 0.7697 0.6136 -0.1762
vn -0.7302 0.6697 -0.1352
vn -0.1078 -0.9935 -0.0360
vn -0.4664 0.8717 -0.1502
vn 0.9844 0.1729 -0.0334
vn -0.1606 0.9787 -0.1278
vn -0.9922 -0.0609 -0.1084
vn -0.9204 -0.3757 -0.1085
vn -0.1179 -0.9862 -0.1166
vn -0.7534 0.6298 -0.1891
vn -0.4747 0.8728 -0.1137
vn 0.9773 0.1370 -0.1619
vn 0.0384 -0.9956 -0.0852
vn -0.1558 0.9825 -0.1017
vn 0.8001 0.5969 -0.0591
vn 0.0976 -0.9908 -0.0940
vn 0.4123 -0.8937 -0.1771
vn 0.3002 0.9508 -0.0760
vn 0.7726 -0.6176 -0.1472
vn 0.0992 0.9899 -0.1012
vn 0.9820 -0.1047 -0.1571
vn -0.0389 -0.5237 -0.8510
vn -0.5680 -0.8230 -0.0000
vn 0.0985 -0.2133 0.9720
vn 0.1078 -0.5090 -0.8540
vn -0.0876 -0.0520 -0.9948
vn 0.0850 -0.1111 -0.9902
vn -0.0663 -0.1583 -0.9852
vn 0.0806 0.0047 -0.9967
vn 0.0937 -0.0321 -0.9951
vn -0.0845 -0.0584 -0.9947
vn -0.0742 -0.0898 -0.9932
vn 0.0805 0.1024 -0.9915
vn 0.0845 0.0670 -0.9942
vn -0.0257 -0.1271 -0.9916
vn -0.0804 -0.0960 -0.9921
vn 0.0307 0.0273 -0.9992
vn 0.0011 0.1650 -0.9863
vn -0.0974 0.0257 -0.9949
vn 0.0835 0.6459 -0.7588
vn 0.0878 0.2677 -0.9595
vn 0.2135 0.4180 -0.8830
vn -0.0937 0.0310 -0.9951
vn -0.3194 -0.1717 -0.9319
vn -0.2397 -0.0850 -0.9671
vn -0.4473 0.2989 -0.8429
vn 0.0582 0.1750 -0.9828
vn -0.0409 -0.1230 -0.9916
vn 0.7132 0.6997 0.0421
vn 0.0525 0.9928 -0.1076
vn -0.4168 -0.9075 -0.0523
vn -0.0000 -0.0020 1.0000
vn -0.0000 -0.0014 1.0000
vn -0.1402 -0.0257 0.9898
vn 0.0001 0.0047 1.0000
vn -0.1341 -0.0912 0.9868
vn -0.0398 -0.0377 0.9985
vn -0.0193 0.0227 0.9996
vn 0.0001 0.1832 0.9831
vn -0.0005 0.1642 0.9864
vn 0.0023 0.3060 0.9520
vn 0.0522 -0.4415 0.8957
vn 0.0002 -0.0187 0.9998
vn 0.0682 0.0758 0.9948
vn -0.1067 0.9900 -0.0920
vn -0.1360 0.9819 -0.1319
vn -0.0828 -0.9660 -0.2449
vn 0.0700 0.0955 0.9930
vn 0.0282 -0.2624 0.9645
vn 0.2355 -0.0081 0.9718
vn 0.0001 -0.0192 0.9998
vn -0.0002 -0.3818 0.9243
vn -0.2868 0.7740 0.5645
vn 0.0473 -0.4856 0.8729
vn 0.0390 -0.7652 0.6426
vn 0.2319 -0.1195 0.9654
vn 0.3484 -0.1519 0.9250
vn 0.0394 -0.0132 0.9991
vn 0.0671 -0.0360 0.9971
vn 0.2616 -0.3580 0.8963
vn 0.0189 -0.1658 0.9860
vn 0.2002 -0.8405 0.5035
vn 0.3170 -0.2242 0.9216
vn 0.3121 -0.2558 0.9150
vn 0.2283 -0.7527 0.6175
vn 0.2982 -0.3637 0.8825
vn 0.0342 -0.0945 0.9949
vn -0.0149 -0.0458 0.9988
vn 0.2823 -0.0208 0.9591
vn 0.0276 0.0029 0.9996
vn 0.0286 0.0087 0.9996
vn -0.0220 -0.0412 0.9989
vn -0.0312 -0.0380 0.9988
vn 0.0695 0.0763 0.9947
vn 0.1033 0.0552 0.9931
vn -0.0442 -0.0363 0.9984
vn -0.0683 -0.0365 0.9970
vn 0.0838 0.0688 0.9941
vn 0.0672 0.0818 0.9944
vn -0.0936 -0.0385 0.9949
vn -0.0710 -0.0215 0.9972
vn 0.0512 0.0958 0.9941
vn 0.0341 0.1125 0.9931
vn -0.0516 -0.0051 0.9987
vn -0.0429 0.0043 0.9991
vn 0.0133 0.1349 0.9908
vn -0.0166 0.1694 0.9854
vn -0.0382 0.0116 0.9992
vn -0.0357 0.0191 0.9992
vn -0.0749 0.2399 0.9679
vn -0.0801 0.2639 0.9612
vn -0.0347 0.0285 0.9990
vn -0.0411 0.0770 0.9962
vn 0.1140 -0.0704 0.9910
vn 0.1163 -0.0246 0.9929
vn 0.1344 -0.0394 0.9901
vn 0.1089 -0.0770 0.9911
vn 0.0197 -0.4929 0.8698
vn 0.0039 0.1650 0.9863
vn 0.0571 0.2224 0.9733
vn 0.0172 0.2310 0.9728
vn -0.1296 0.0068 0.9915
vn 0.0252 0.8816 0.4713
vn 0.0250 0.9575 0.2875
vn 0.0251 -0.9577 0.2867
vn 0.0252 -0.8816 0.4712
vn 0.0391 0.8812 0.4710
vn 0.0393 0.9547 0.2950
vn 0.0389 -0.9643 0.2619
vn 0.0391 -0.8812 0.4711
vn 0.0186 -0.9711 -0.2379
vn 0.0470 -0.1412 0.9889
vn 0.0542 -0.2514 0.9664
vn 0.0609 -0.2087 0.9761
vn 0.0287 -0.8059 0.5913
vn 0.0272 0.0360 0.9990
vn -0.0883 -0.6083 0.7888
vn 0.6800 -0.7023 -0.2109
vn 0.6201 0.7796 -0.0876
vn 0.0138 0.9561 -0.2927
vn 0.0138 0.7729 -0.6343
vn 0.0138 -0.8818 -0.4713
vn 0.0138 -0.9563 -0.2920
vn 0.7564 -0.3084 -0.5769
vn 0.7564 -0.5057 -0.4150
vn 0.7564 -0.5769 -0.3084
vn 0.7566 -0.6248 -0.1931
vn 0.9839 -0.0705 -0.1642
vn 0.7564 0.5056 -0.4150
vn 0.7564 0.3084 -0.5769
vn 0.0186 0.9711 -0.2379
vn -0.6561 -0.4039 0.6375
vn -0.7176 -0.0498 0.6946
vn -0.7178 -0.0344 0.6954
vn -0.7167 -0.0167 0.6972
vn -0.7058 0.1454 0.6933
vn -0.6995 0.1914 0.6885
vn -0.6814 0.2971 0.6689
vn -0.6803 0.2956 0.6707
vn -0.6816 0.2912 0.6713
vn -0.6667 0.3534 0.6562
vn -0.7168 0.2287 0.6587
vn -0.6904 0.3103 0.6535
vn -0.6853 0.2541 0.6825
vn -0.7069 -0.0447 0.7059
vn -0.1003 -0.4277 0.8983
vn -0.1386 -0.0096 0.9903
vn -0.1378 -0.0066 0.9904
vn -0.1369 -0.0032 0.9906
vn -0.1379 0.0275 0.9901
vn -0.1417 0.0352 0.9893
vn -0.1473 0.0593 0.9873
vn -0.1496 0.0627 0.9868
vn -0.1523 0.0632 0.9863
vn -0.1565 0.0787 0.9845
vn -0.1159 0.0806 0.9900
vn -0.0988 0.0145 0.9950
vn -0.1865 0.0842 0.9788
vn 0.7323 0.1093 0.6721
vn 0.7357 0.0467 0.6757
vn 0.7354 -0.0035 0.6776
vn 0.7337 -0.0268 0.6790
vn 0.7258 -0.1405 0.6734
vn 0.7287 -0.1105 0.6758
vn 0.7224 -0.1806 0.6675
vn 0.7068 -0.2686 0.6545
vn 0.7044 -0.3098 0.6386
vn 0.1140 0.0170 0.9933
vn 0.1482 0.0094 0.9889
vn 0.1482 -0.0003 0.9890
vn 0.1459 -0.0048 0.9893
vn 0.1464 -0.0280 0.9888
vn 0.1501 -0.0228 0.9884
vn 0.1556 -0.0394 0.9870
vn 0.1576 -0.0596 0.9857
vn 0.1378 -0.0625 0.9885
vn 0.2455 -0.0260 0.9690
vn 0.0410 0.0509 0.9979
vn -0.4507 0.6793 0.5791
vn -0.0090 0.5150 0.8571
vn -0.1591 0.0080 0.9872
vn -0.2324 -0.0411 0.9718
vn -0.1422 0.0639 0.9878
vn -0.0796 0.8287 0.5539
vn -0.0106 0.0070 0.9999
vn -0.0006 0.0058 1.0000
vn 0.0149 0.3453 0.9384
vn -0.9942 -0.0525 0.0935
vn -0.9153 0.3930 0.0884
vn -0.9536 0.2867 0.0924
vn -0.9773 -0.1907 0.0927
vn -0.9613 0.2597 0.0914
vn -0.9301 0.3560 0.0907
vn -0.9951 -0.0301 0.0941
vn -0.9158 0.3917 0.0889
vn -0.9868 0.1307 0.0952
vn -0.9932 -0.0705 0.0931
vn -0.9131 0.3983 0.0874
vn -0.9181 0.3862 0.0892
vn -0.9764 0.1951 0.0922
vn -0.8803 0.4666 0.0857
vn -0.9454 -0.2695 0.1831
vn 0.0029 0.9926 0.1215
vn -0.8960 0.3930 0.2067
vn -0.9015 0.3826 0.2021
vn -0.9724 -0.2113 0.0987
vn 0.0714 0.9916 0.1081
vn -0.9400 -0.3332 0.0739
vn -0.2620 0.9631 0.0624
vn 0.0252 0.9992 0.0306
vn 0.0136 -0.9997 -0.0212
vn -0.8796 -0.4729 0.0516
vn 0.0010 0.9932 0.1167
vn -0.9006 -0.4115 0.1397
vn -0.9795 0.2013 0.0043
vn -0.0521 0.9982 0.0290
vn 0.0007 0.9934 0.1146
vn 0.0468 0.9989 0.0043
vn 0.3099 0.9503 0.0285
vn 0.6770 -0.7359 0.0105
vn -0.2805 0.9594 0.0302
vn -0.1043 0.9885 0.1099
vn 0.0070 0.9931 0.1167
vn -0.5124 0.8586 0.0129
vn -0.9803 -0.1848 0.0698
vn -0.0000 -0.9981 0.0619
vn 0.0234 0.9364 -0.3501
vn 0.3354 0.7907 0.5121
vn -0.0000 0.9982 -0.0606
vn 0.0021 -0.9999 0.0147
vn 0.9669 -0.2418 0.0821
vn 0.9901 0.0730 0.1202
vn 0.9967 -0.0047 0.0815
vn 0.5702 -0.8060 0.1589
vn 0.0070 -0.9969 0.0788
vn 0.5649 -0.8224 0.0673
vn 0.4688 -0.8436 0.2620
vn 0.9317 -0.3541 0.0808
vn -0.1785 -0.9829 0.0447
vn 0.1146 -0.9922 0.0499
vn 0.9961 -0.0364 0.0799
vn 0.8573 -0.5095 0.0739
vn 0.9363 -0.3432 0.0740
vn 0.9782 -0.1893 0.0849
vn -0.0054 -0.9989 0.0474
vn 0.9903 0.1209 0.0685
vn 0.9935 0.0023 0.1138
vn 0.0262 -0.9995 0.0164
vn 0.9858 -0.1495 0.0767
vn 0.9945 0.0644 0.0827
vn 0.8443 -0.5253 0.1057
vn 0.9819 0.1486 0.1177
vn 0.0633 0.9855 -0.1577
vn -0.0446 -0.7030 0.7098
vn 0.0113 -0.5986 0.8009
vn 0.4413 -0.0434 0.8963
vn -0.5417 -0.2116 0.8135
vn 0.4446 0.0029 0.8957
vn -0.4462 -0.0178 0.8948
vn 0.4423 -0.0105 0.8968
vn -0.4441 -0.0054 0.8960
vn 0.4398 -0.0857 0.8940
vn -0.4401 0.0875 0.8937
vn 0.4415 -0.0772 0.8939
vn -0.4382 0.1070 0.8925
vn 0.4430 -0.1269 0.8875
vn -0.4354 0.1721 0.8836
vn 0.4386 -0.1709 0.8823
vn -0.4383 0.1835 0.8799
vn 0.4405 -0.1626 0.8829
vn -0.4374 0.1801 0.8810
vn -0.4376 0.1978 0.8771
vn 0.4391 -0.1808 0.8801
vn 0.3744 0.1646 0.9125
vn -0.0193 -0.3046 0.9523
vn -0.0084 -0.0603 0.9981
vn -0.1848 -0.0722 0.9801
vn 0.0163 -0.2808 0.9596
vn 0.0228 -0.0217 0.9995
vn 0.2711 -0.0792 0.9593
vn -0.2398 -0.0095 0.9708
vn -0.0228 -0.0006 0.9997
vn 0.2699 0.0017 0.9629
vn 0.0228 0.0001 0.9997
vn -0.2382 -0.0036 0.9712
vn -0.0227 -0.0000 0.9997
vn 0.2672 -0.0068 0.9636
vn 0.0225 -0.0005 0.9997
vn -0.2362 0.0471 0.9705
vn 0.2673 -0.0520 0.9622
vn -0.2372 0.0589 0.9697
vn -0.0229 0.0051 0.9997
vn 0.2727 -0.0468 0.9610
vn 0.0229 -0.0040 0.9997
vn -0.2423 0.0975 0.9653
vn -0.0234 0.0084 0.9997
vn 0.2830 -0.0794 0.9558
vn 0.0234 -0.0068 0.9997
vn -0.2529 0.1060 0.9617
vn 0.2823 -0.1100 0.9530
vn 0.0236 -0.0091 0.9997
vn -0.2537 0.1052 0.9616
vn -0.0239 0.0095 0.9997
vn 0.2876 -0.1055 0.9519
vn 0.0239 -0.0088 0.9997
vn -0.2587 0.1300 0.9572
vn -0.0241 0.0114 0.9996
vn 0.0243 -0.0100 0.9997
vn 0.1606 -0.0862 0.9832
vn -0.6002 0.1571 0.7842
vn -0.5275 -0.2390 0.8152
vn 0.0047 0.0376 0.9993
vn -0.0255 0.0391 0.9989
vn 0.1469 0.0551 0.9876
vn -0.0072 0.1794 0.9838
vn 0.0243 0.0199 0.9995
vn 0.0188 0.2172 0.9760
vn 0.0178 0.5495 0.8353
vn -0.0487 -0.8100 0.5843
vn -0.0334 -0.8057 0.5914
vn -0.0811 -0.8171 0.5707
vn 0.4399 -0.6679 0.6004
vn 0.0478 -0.8052 0.5910
vn -0.9243 -0.3589 0.1295
vn -0.0176 -0.0931 0.9955
vn -0.1643 -0.9851 -0.0504
vn -0.0605 -0.9977 0.0318
vn -0.0042 -0.0826 0.9966
vn -0.0026 -0.0774 0.9970
vn -0.0434 -0.9986 0.0305
vn 0.1125 -0.0728 0.9910
vn -0.0242 -0.9992 0.0309
vn 0.0250 -0.9991 0.0339
vn 0.7327 0.1087 0.6718
vn 0.9970 -0.0116 0.0763
vn 1.0000 -0.0000 -0.0000
vn 0.7280 -0.1814 0.6611
vn 0.6811 -0.1442 0.7178
vn 0.4223 -0.6844 0.5943
vn 0.2816 -0.8732 0.3978
vn 0.0389 -0.9459 0.3221
vn -0.1677 -0.9128 0.3723
vn -0.2453 -0.1959 0.9495
vn 0.0300 -0.0475 0.9984
vn -0.2128 -0.4202 0.8821
vn 0.9981 -0.0540 0.0303
vn 0.9726 0.2075 0.1050
vn 0.9994 0.0337 0.0121
vn -0.0954 0.0944 0.9910
vn 0.9864 -0.1612 0.0325
vn -0.0822 0.1514 0.9851
vn 0.5251 -0.8511 -0.0031
vn -0.0391 0.2115 0.9766
vn 0.3068 -0.9514 -0.0265
vn 0.0170 0.2318 0.9726
vn 0.0410 -0.9987 -0.0306
vn 0.0665 -0.1300 0.9893
vn -0.1665 -0.9856 0.0302
vn 0.2802 -0.8524 0.4416
vn 0.7882 0.0646 0.6120
vn -0.1463 -0.9888 0.0298
vn -0.1778 -0.9786 0.1038
vn -0.1306 -0.9914 -0.0023
vn -0.0905 0.0270 0.9955
vn -0.0029 -0.0179 0.9998
vn -0.0073 -0.0110 0.9999
vn -0.0301 0.0127 0.9995
vn 0.0226 0.5679 0.8228
vn -0.0288 0.4711 0.8816
vn 0.0002 0.4909 0.8712
vn 0.0593 0.5367 0.8417
vn -0.0198 0.0648 0.9977
vn -0.5986 0.3005 0.7426
vn -0.0908 0.7077 0.7007
vn 0.7357 -0.3453 -0.5827
vn -0.6469 0.2633 0.7157
vn -0.0391 0.0404 0.9984
vn -0.0005 0.8522 0.5232
vn 0.0069 0.8571 0.5150
vn -0.0067 0.7621 0.6475
vn 0.2355 -0.0216 0.9716
vn 0.7158 0.6468 0.2632
vn 0.0010 -0.0156 0.9999
vn 0.2945 -0.0783 0.9524
vn 0.0086 0.7635 0.6458
vn -0.0037 0.5336 0.8457
vn 0.0064 -0.3592 0.9333
vn 0.0024 -0.6087 0.7934
vn -0.0009 -0.6084 0.7936
vn -0.0015 -0.6495 0.7603
vn -0.6172 0.0434 0.7856
vn -0.2963 -0.5240 0.7985
vn -0.0176 0.0128 0.9998
vn -0.0000 0.0084 1.0000
vn 0.0139 -0.9163 0.4003
vn 0.2405 -0.4973 0.8336
vn 0.2250 -0.2041 0.9527
vn 0.0021 -0.0656 0.9978
vn 0.0006 -0.0399 0.9992
vn -0.0034 -0.0546 0.9985
vn 0.0051 0.1577 0.9875
vn -0.0131 0.1994 0.9798
vn -0.0342 0.0388 0.9987
vn 0.0308 0.0162 0.9994
vn 0.0012 -0.0003 1.0000
vn -0.0093 0.3600 0.9329
vn -0.0107 -0.3541 0.9351
vn -0.4490 0.1586 0.8793
vn 0.0078 0.3550 0.9348
vn 0.9883 0.1035 0.1120
vn -0.9510 0.2881 0.1121
vn -0.2896 0.9540 0.0780
vn 0.9482 -0.3091 0.0733
vn -0.8767 0.4678 0.1120
vn -0.3339 0.9422 -0.0283
vn -0.7681 0.6305 0.1119
vn -0.0575 -0.9919 0.1132
vn -0.6312 0.7675 0.1121
vn 0.6504 -0.6707 0.3564
vn -0.4679 0.8767 0.1119
vn -0.8381 0.0538 0.5429
vn 0.9441 -0.3072 0.1200
vn -0.2888 0.9508 0.1121
vn -0.3029 -0.9458 0.1174
vn 0.8759 -0.4693 0.1118
vn -0.0969 0.9890 0.1119
vn -0.4674 -0.8769 0.1121
vn 0.7687 -0.6297 0.1122
vn 0.0972 0.9889 0.1121
vn -0.6306 -0.7680 0.1118
vn 0.6299 -0.7686 0.1119
vn 0.2886 0.9509 0.1119
vn -0.7681 -0.6304 0.1120
vn 0.4681 -0.8766 0.1120
vn -0.8767 -0.4678 0.1119
vn -0.9509 -0.2886 0.1121
vn 0.1123 -0.9873 0.1121
vn -0.9889 -0.0981 0.1120
vn 0.8762 0.4688 0.1120
vn -0.9888 0.0986 0.1118
vn 0.9511 0.2881 0.1119
vn -0.0775 -0.5349 0.8413
vn -0.1650 -0.5159 0.8406
vn -0.3441 -0.4190 0.8403
vn -0.5396 -0.0535 0.8402
vn -0.5395 0.0540 0.8403
vn -0.4784 0.2553 0.8402
vn -0.3444 0.4188 0.8402
vn -0.2551 0.4784 0.8403
vn -0.1576 0.5188 0.8402
vn -0.0528 0.5396 0.8403
vn 0.0530 0.5396 0.8402
vn 0.1574 0.5188 0.8402
vn 0.2557 0.4781 0.8403
vn 0.4781 0.2558 0.8402
vn 0.5383 0.0544 0.8410
vn 0.5387 -0.0363 0.8417
vn -0.0324 -0.5390 0.8417
vn 0.5328 -0.0887 0.8416
vn 0.5148 -0.1678 0.8407
vn 0.4778 -0.2563 0.8403
vn 0.4194 -0.3436 0.8402
vn 0.2554 -0.4783 0.8403
vn 0.1574 -0.5189 0.8402
vn 0.0591 -0.5381 0.8408
vn -0.1039 0.1340 0.9855
vn -0.0380 -0.1164 0.9925
vn 0.0169 0.0034 0.9999
vn -0.0513 0.0513 0.9974
vn 0.1497 -0.1930 0.9697
vn 0.1681 -0.0566 0.9841
vn 0.0072 -0.0340 0.9994
vn -0.3038 -0.9498 0.0750
vn 0.8785 -0.4712 0.0781
vn -0.0971 0.9922 0.0780
vn -0.4691 -0.8797 0.0779
vn 0.7711 -0.6320 0.0779
vn 0.0975 0.9922 0.0780
vn -0.6328 -0.7704 0.0781
vn 0.6319 -0.7711 0.0781
vn -0.7707 -0.6324 0.0780
vn 0.4696 -0.8794 0.0780
vn -0.8796 -0.4692 0.0781
vn 0.1122 -0.9906 0.0781
vn -0.9921 -0.0983 0.0780
vn 0.8791 0.4703 0.0780
vn -0.9920 0.0993 0.0781
vn 0.9541 0.2890 0.0780
vn -0.9541 0.2891 0.0779
vn 0.9917 0.1019 0.0781
vn -0.8795 0.4694 0.0780
vn 0.9947 -0.0671 0.0780
vn -0.7704 0.6328 0.0781
vn -0.0598 -0.9952 0.0779
vn -0.6331 0.7701 0.0779
vn 0.9135 -0.1520 0.3774
vn -0.4691 0.8797 0.0781
vn 0.3153 -0.9251 0.2114
vn 0.9943 -0.1060 0.0060
vn 0.0930 0.9901 0.1055
vn 0.7807 -0.6241 0.0330
vn 0.3135 0.9489 0.0362
vn 0.4157 -0.9093 0.0215
vn -0.0684 -0.2322 -0.9702
vn 0.7697 0.6136 0.1762
vn -0.5996 -0.7987 -0.0509
vn -0.7618 0.6467 -0.0366
vn -0.1078 -0.9935 0.0360
vn -0.4755 0.8743 0.0977
vn 0.9844 0.1729 0.0334
vn 0.6435 -0.7637 0.0522
vn -0.1606 0.9787 0.1279
vn -0.9922 -0.0609 0.1084
vn -0.8332 -0.5505 -0.0518
vn -0.1179 -0.9862 0.1166
vn -0.8647 0.5004 -0.0426
vn -0.4738 0.8730 0.1154
vn 0.9773 0.1370 0.1619
vn 0.0384 -0.9956 0.0852
vn -0.1815 0.9826 0.0388
vn 0.8001 0.5969 0.0591
vn 0.1171 -0.9901 0.0775
vn 0.5015 -0.8603 0.0919
vn 0.3002 0.9508 0.0760
vn 0.8043 -0.5830 0.1151
vn 0.0729 0.9965 0.0414
vn 0.9173 -0.2799 0.2832
vn -0.0179 -0.5420 0.8402
vn 0.0647 -0.2694 -0.9608
vn 0.1078 -0.5090 0.8540
vn 0.0765 0.0650 0.9950
vn 0.0011 0.1650 0.9863
vn -0.0974 0.0257 0.9949
vn 0.0835 0.6459 0.7588
vn -0.0573 0.2703 0.9611
vn -0.0943 0.4604 0.8827
vn -0.0937 0.0310 0.9951
vn -0.1186 -0.2323 0.9654
vn -0.0544 -0.1659 0.9846
vn -0.4473 0.2989 0.8429
vn 0.0582 0.1750 0.9828
vn -0.0409 -0.1230 0.9916
vn 0.8896 0.4538 -0.0518
vn 0.0282 0.9926 0.1179
vn -0.3946 -0.9158 0.0753
vt 0.191622 0.049485
vt 0.187554 0.061828
vt 0.192329 0.062390
vt 0.187424 0.074048
vt 0.192958 0.074467
vt 0.191059 0.037149
vt 0.186952 0.048919
vt 0.113054 0.068991
vt 0.118985 0.076780
vt 0.118488 0.066121
vt 0.113564 0.079929
vt 0.119274 0.088975
vt 0.108631 0.073055
vt 0.108130 0.062180
vt 0.112396 0.058904
vt 0.109161 0.084406
vt 0.114115 0.089159
vt 0.102239 0.074450
vt 0.101730 0.063430
vt 0.102776 0.085961
vt 0.109542 0.095858
vt 0.095245 0.075250
vt 0.095813 0.087418
vt 0.103067 0.097548
vt 0.088879 0.088997
vt 0.096321 0.099871
vt 0.813985 0.576311
vt 0.811740 0.567508
vt 0.811763 0.576308
vt 0.813968 0.738814
vt 0.811740 0.730837
vt 0.811744 0.738807
vt 0.223151 0.371114
vt 0.234680 0.361440
vt 0.236223 0.368281
vt 0.081115 0.091092
vt 0.089602 0.105111
vt 0.813964 0.745895
vt 0.811740 0.745888
vt 0.813962 0.567511
vt 0.811763 0.560497
vt 0.065127 0.083595
vt 0.073947 0.093514
vt 0.073345 0.080543
vt 0.050113 0.090275
vt 0.036867 0.089702
vt 0.037478 0.097105
vt 0.065641 0.094945
vt 0.122656 0.685420
vt 0.121329 0.692917
vt 0.123346 0.700252
vt 0.050762 0.103180
vt 0.038090 0.110099
vt 0.052775 0.116167
vt 0.655902 0.301354
vt 0.657684 0.295708
vt 0.656013 0.295491
vt 0.657744 0.290727
vt 0.656074 0.290510
vt 0.052374 0.168196
vt 0.045765 0.242643
vt 0.056823 0.249265
vt 0.088731 0.125615
vt 0.091882 0.121902
vt 0.075481 0.107244
vt 0.082566 0.125835
vt 0.081772 0.105163
vt 0.044673 0.263404
vt 0.060935 0.276898
vt 0.122015 0.499107
vt 0.123448 0.513420
vt 0.123509 0.512993
vt 0.064516 0.076192
vt 0.294746 0.039553
vt 0.294668 0.039898
vt 0.293300 0.047194
vt 0.035109 0.582535
vt 0.037446 0.585453
vt 0.036716 0.575101
vt 0.123346 0.655495
vt 0.120639 0.678084
vt 0.657626 0.285080
vt 0.655956 0.284863
vt 0.550730 0.776513
vt 0.549087 0.777342
vt 0.549062 0.783711
vt 0.035033 0.544938
vt 0.036775 0.553291
vt 0.036639 0.537504
vt 0.657536 0.280908
vt 0.655865 0.280691
vt 0.034946 0.531323
vt 0.036553 0.523888
vt 0.124954 0.499216
vt 0.137459 0.513410
vt 0.081236 0.249769
vt 0.085360 0.188877
vt 0.079387 0.190970
vt 0.124576 0.488049
vt 0.088657 0.147432
vt 0.076435 0.127688
vt 0.083501 0.149508
vt 0.089107 0.177333
vt 0.599664 0.953789
vt 0.601836 0.956324
vt 0.599484 0.956324
vt 0.077526 0.151085
vt 0.092454 0.172456
vt 0.568529 0.035308
vt 0.564065 0.045236
vt 0.568990 0.059592
vt 0.124945 0.096795
vt 0.124524 0.097361
vt 0.125353 0.107468
vt 0.118791 0.093084
vt 0.119212 0.092519
vt 0.110458 0.105343
vt 0.102389 0.108316
vt 0.096529 0.112998
vt 0.091086 0.133090
vt 0.040550 0.266911
vt 0.045563 0.276536
vt 0.050225 0.137175
vt 0.042013 0.163462
vt 0.038685 0.123658
vt 0.218033 0.363188
vt 0.233729 0.352669
vt 0.734657 0.310342
vt 0.736571 0.324661
vt 0.734676 0.324664
vt 0.736622 0.310338
vt 0.738404 0.324649
vt 0.738524 0.310327
vt 0.740104 0.324631
vt 0.741847 0.310282
vt 0.741607 0.324607
vt 0.818203 0.049379
vt 0.816546 0.035026
vt 0.817952 0.035054
vt 0.815055 0.049328
vt 0.814918 0.035005
vt 0.813282 0.049313
vt 0.813191 0.034990
vt 0.700072 0.784981
vt 0.698505 0.770658
vt 0.700332 0.770145
vt 0.696698 0.784997
vt 0.696929 0.770667
vt 0.695589 0.770679
vt 0.727637 0.310282
vt 0.729342 0.324631
vt 0.727909 0.324607
vt 0.730834 0.310327
vt 0.730990 0.324649
vt 0.732791 0.324661
vt 0.181216 0.866969
vt 0.182267 0.874969
vt 0.181230 0.874971
vt 0.182315 0.866967
vt 0.183271 0.874963
vt 0.184364 0.866950
vt 0.184201 0.874953
vt 0.185235 0.866936
vt 0.185024 0.874940
vt 0.891277 0.347250
vt 0.890669 0.355237
vt 0.890507 0.347233
vt 0.889616 0.347220
vt 0.888771 0.355213
vt 0.888699 0.347210
vt 0.891179 0.269109
vt 0.889785 0.276881
vt 0.889690 0.268873
vt 0.888828 0.268904
vt 0.888872 0.276914
vt 0.888096 0.268933
vt 0.177527 0.874940
vt 0.178124 0.866950
vt 0.178311 0.874953
vt 0.179213 0.874963
vt 0.179080 0.866960
vt 0.180199 0.874969
vt 0.180124 0.866967
vt 0.812903 0.473181
vt 0.813710 0.490603
vt 0.813030 0.490604
vt 0.074738 0.275782
vt 0.089106 0.272384
vt 0.372295 0.254307
vt 0.371482 0.243721
vt 0.369265 0.253668
vt 0.373258 0.302131
vt 0.087972 0.252386
vt 0.087416 0.198156
vt 0.088417 0.188185
vt 0.198563 0.657885
vt 0.200520 0.655466
vt 0.200008 0.657885
vt 0.890684 0.120570
vt 0.889193 0.123098
vt 0.888466 0.121344
vt 0.890400 0.119142
vt 0.888096 0.119483
vt 0.890400 0.117687
vt 0.888096 0.117586
vt 0.890684 0.116260
vt 0.888466 0.115726
vt 0.891242 0.114916
vt 0.889193 0.113974
vt 0.518707 0.657928
vt 0.519837 0.655519
vt 0.520073 0.657918
vt 0.274716 0.658346
vt 0.276831 0.655966
vt 0.276067 0.658342
vt 0.888096 0.035978
vt 0.890941 0.036701
vt 0.888653 0.037323
vt 0.888937 0.038752
vt 0.891311 0.038563
vt 0.888936 0.040209
vt 0.891311 0.040463
vt 0.888653 0.041639
vt 0.890941 0.042326
vt 0.888096 0.042985
vt 0.890215 0.044081
vt 0.196741 0.655466
vt 0.198637 0.655466
vt 0.275871 0.686381
vt 0.274481 0.688034
vt 0.277385 0.658333
vt 0.199918 0.685938
vt 0.198549 0.685938
vt 0.278557 0.658318
vt 0.277120 0.686372
vt 0.201226 0.685937
vt 0.194395 0.657885
vt 0.193504 0.685936
vt 0.193239 0.657884
vt 0.202649 0.657885
vt 0.201388 0.657885
vt 0.195838 0.685937
vt 0.194600 0.685937
vt 0.203745 0.657884
vt 0.202422 0.685937
vt 0.195701 0.657885
vt 0.197172 0.685938
vt 0.516145 0.657938
vt 0.517784 0.685980
vt 0.516634 0.685984
vt 0.197109 0.657885
vt 0.517359 0.657935
vt 0.519062 0.685974
vt 0.520332 0.685965
vt 0.257200 0.871439
vt 0.255128 0.872151
vt 0.255222 0.871116
vt 0.257387 0.870805
vt 0.255515 0.870119
vt 0.257693 0.870220
vt 0.255997 0.869199
vt 0.256649 0.868391
vt 0.258108 0.869706
vt 0.258615 0.869284
vt 0.257446 0.867726
vt 0.258358 0.867230
vt 0.259195 0.868968
vt 0.259287 0.866936
vt 0.259985 0.868778
vt 0.259959 0.875175
vt 0.258437 0.877026
vt 0.259245 0.875198
vt 0.257518 0.876543
vt 0.258661 0.874890
vt 0.256710 0.875889
vt 0.258147 0.874475
vt 0.257724 0.873967
vt 0.256045 0.875090
vt 0.257408 0.873386
vt 0.255548 0.874177
vt 0.257211 0.872755
vt 0.255238 0.873184
vt 0.257141 0.872097
vt 0.812529 0.296756
vt 0.811740 0.314175
vt 0.811740 0.295217
vt 0.813127 0.296751
vt 0.812415 0.314173
vt 0.623720 0.770145
vt 0.623053 0.787571
vt 0.623064 0.770146
vt 0.813434 0.314161
vt 0.812954 0.314168
vt 0.624346 0.770145
vt 0.623645 0.787571
vt 0.620649 0.770145
vt 0.621346 0.787571
vt 0.620873 0.787571
vt 0.624919 0.770145
vt 0.624210 0.787571
vt 0.621766 0.770145
vt 0.621173 0.770145
vt 0.625175 0.787571
vt 0.624727 0.787571
vt 0.622405 0.770145
vt 0.621881 0.787571
vt 0.812291 0.473180
vt 0.811981 0.490601
vt 0.811740 0.473178
vt 0.622458 0.787571
vt 0.812478 0.490603
vt 0.385703 0.066034
vt 0.378592 0.066545
vt 0.384305 0.060184
vt 0.215001 0.464935
vt 0.223071 0.468554
vt 0.216544 0.469488
vt 0.220255 0.458478
vt 0.221552 0.464023
vt 0.213697 0.459391
vt 0.218982 0.452454
vt 0.212397 0.453372
vt 0.217790 0.446033
vt 0.211422 0.440195
vt 0.211165 0.446957
vt 0.212182 0.432952
vt 0.218080 0.439264
vt 0.214169 0.425233
vt 0.218856 0.432020
vt 0.215872 0.418447
vt 0.220834 0.424301
vt 0.218184 0.409167
vt 0.222564 0.417511
vt 0.220367 0.402728
vt 0.224868 0.408232
vt 0.379155 0.084363
vt 0.385710 0.091053
vt 0.379177 0.091599
vt 0.379128 0.077675
vt 0.385699 0.083855
vt 0.224183 0.383738
vt 0.229989 0.387612
vt 0.223556 0.388503
vt 0.379123 0.072974
vt 0.385654 0.072427
vt 0.229431 0.462728
vt 0.231088 0.467765
vt 0.226696 0.457413
vt 0.225464 0.451382
vt 0.224314 0.444953
vt 0.224562 0.438192
vt 0.225163 0.430977
vt 0.226897 0.423300
vt 0.228531 0.416526
vt 0.230726 0.407266
vt 0.227052 0.401793
vt 0.232676 0.401078
vt 0.236258 0.386393
vt 0.230938 0.382797
vt 0.238587 0.381542
vt 0.229507 0.376501
vt 0.238494 0.375022
vt 0.890965 0.431946
vt 0.892644 0.425148
vt 0.888096 0.425148
vt 0.483275 0.264243
vt 0.476891 0.258315
vt 0.476847 0.263788
vt 0.483320 0.258791
vt 0.476925 0.252679
vt 0.483380 0.247020
vt 0.476951 0.246543
vt 0.483404 0.240491
vt 0.476974 0.240012
vt 0.483402 0.233775
vt 0.476972 0.233294
vt 0.483406 0.226684
vt 0.476976 0.226203
vt 0.483393 0.219257
vt 0.476964 0.218778
vt 0.483362 0.212656
vt 0.476932 0.212176
vt 0.483302 0.203574
vt 0.477714 0.203165
vt 0.187772 0.081044
vt 0.193337 0.081611
vt 0.181796 0.075415
vt 0.175938 0.081247
vt 0.182081 0.080949
vt 0.169137 0.076141
vt 0.175651 0.075671
vt 0.162571 0.077741
vt 0.169427 0.081764
vt 0.155611 0.079274
vt 0.162860 0.083341
vt 0.148415 0.081661
vt 0.155893 0.084736
vt 0.142115 0.084461
vt 0.148688 0.086922
vt 0.133487 0.088094
vt 0.142384 0.089648
vt 0.127441 0.091725
vt 0.133792 0.094043
vt 0.180272 0.049030
vt 0.174935 0.061657
vt 0.180852 0.061477
vt 0.167829 0.049435
vt 0.174351 0.049144
vt 0.161264 0.051054
vt 0.168416 0.062031
vt 0.154319 0.052935
vt 0.161851 0.063640
vt 0.147151 0.055895
vt 0.154899 0.065356
vt 0.140856 0.058823
vt 0.147718 0.068049
vt 0.132241 0.062725
vt 0.141420 0.070911
vt 0.126581 0.065734
vt 0.132799 0.074686
vt 0.120752 0.054330
vt 0.116948 0.055556
vt 0.118932 0.057096
vt 0.671729 0.955425
vt 0.673183 0.954145
vt 0.672646 0.953789
vt 0.121440 0.065631
vt 0.119198 0.057514
vt 0.119513 0.065718
vt 0.120012 0.076422
vt 0.231863 0.393825
vt 0.233508 0.395528
vt 0.120230 0.085423
vt 0.121957 0.076712
vt 0.127131 0.077521
vt 0.379268 0.141450
vt 0.369365 0.147597
vt 0.369411 0.141489
vt 0.379284 0.113536
vt 0.369399 0.106951
vt 0.379256 0.106908
vt 0.369265 0.073015
vt 0.377847 0.157885
vt 0.369321 0.153229
vt 0.379178 0.153190
vt 0.379321 0.128232
vt 0.369460 0.121114
vt 0.379318 0.121073
vt 0.369298 0.084406
vt 0.379313 0.134954
vt 0.369455 0.134994
vt 0.369361 0.097886
vt 0.379218 0.097843
vt 0.369281 0.067693
vt 0.379223 0.147557
vt 0.369427 0.113578
vt 0.369271 0.077717
vt 0.369464 0.128273
vt 0.369321 0.091642
vt 0.473960 0.116482
vt 0.474214 0.121267
vt 0.474168 0.121285
vt 0.384942 0.035342
vt 0.369501 0.052026
vt 0.369730 0.034946
vt 0.246521 0.954918
vt 0.246405 0.960267
vt 0.246363 0.953789
vt 0.051799 0.496275
vt 0.036570 0.480885
vt 0.036406 0.497309
vt 0.640500 0.284980
vt 0.472214 0.039621
vt 0.474424 0.034946
vt 0.472260 0.039603
vt 0.640590 0.289043
vt 0.470470 0.045009
vt 0.470425 0.045026
vt 0.640675 0.294079
vt 0.468641 0.050889
vt 0.468595 0.050907
vt 0.051703 0.480200
vt 0.037370 0.457377
vt 0.640580 0.300514
vt 0.466842 0.057167
vt 0.466796 0.057185
vt 0.051937 0.560342
vt 0.036647 0.561424
vt 0.811740 0.049256
vt 0.811740 0.034946
vt 0.521289 0.685903
vt 0.640411 0.307329
vt 0.655727 0.307585
vt 0.466494 0.063923
vt 0.466448 0.063941
vt 0.052122 0.551877
vt 0.384735 0.051860
vt 0.369364 0.059665
vt 0.655008 0.311994
vt 0.466604 0.071200
vt 0.466559 0.071218
vt 0.051978 0.575200
vt 0.050967 0.378991
vt 0.036915 0.378110
vt 0.037444 0.571895
vt 0.467895 0.079061
vt 0.467849 0.079079
vt 0.051785 0.566707
vt 0.036553 0.567653
vt 0.468988 0.085968
vt 0.468943 0.085985
vt 0.521289 0.655466
vt 0.521084 0.657869
vt 0.470469 0.095412
vt 0.470423 0.095429
vt 0.051050 0.359058
vt 0.035445 0.357449
vt 0.036809 0.354168
vt 0.051246 0.347180
vt 0.036753 0.347275
vt 0.472076 0.102016
vt 0.472031 0.102034
vt 0.052033 0.536493
vt 0.472956 0.109504
vt 0.472911 0.109521
vt 0.051872 0.509846
vt 0.036479 0.510880
vt 0.474005 0.116464
vt 0.051946 0.522854
vt 0.295774 0.059903
vt 0.296634 0.066223
vt 0.295789 0.059630
vt 0.474220 0.116229
vt 0.105114 0.869300
vt 0.107100 0.867546
vt 0.105041 0.870724
vt 0.295016 0.090192
vt 0.292941 0.103607
vt 0.295167 0.090154
vt 0.474424 0.121279
vt 0.727817 0.577943
vt 0.727799 0.604554
vt 0.727637 0.581426
vt 0.290708 0.116649
vt 0.288818 0.129861
vt 0.290902 0.116452
vt 0.473896 0.125906
vt 0.473225 0.127668
vt 0.472545 0.039518
vt 0.292750 0.103796
vt 0.034946 0.778845
vt 0.035934 0.771781
vt 0.035100 0.779019
vt 0.470723 0.044929
vt 0.296449 0.066464
vt 0.297587 0.074964
vt 0.035934 0.797043
vt 0.468887 0.050803
vt 0.297197 0.075538
vt 0.268849 0.035143
vt 0.272505 0.037329
vt 0.269043 0.034946
vt 0.467182 0.057088
vt 0.288606 0.130253
vt 0.286260 0.145729
vt 0.271179 0.044749
vt 0.276272 0.039793
vt 0.466751 0.063840
vt 0.280515 0.171381
vt 0.281224 0.167352
vt 0.280909 0.042349
vt 0.281012 0.042323
vt 0.466932 0.071145
vt 0.268849 0.245412
vt 0.287437 0.041736
vt 0.287596 0.041623
vt 0.468126 0.078868
vt 0.728185 0.215117
vt 0.729761 0.235095
vt 0.729666 0.235107
vt 0.469270 0.086057
vt 0.297814 0.048747
vt 0.298538 0.051481
vt 0.299373 0.041296
vt 0.470737 0.095107
vt 0.431509 0.674866
vt 0.446202 0.670337
vt 0.430862 0.670692
vt 0.298344 0.051677
vt 0.297861 0.054761
vt 0.472288 0.102002
vt 0.727971 0.239042
vt 0.727637 0.240389
vt 0.473238 0.109382
vt 0.107400 0.866936
vt 0.107315 0.879385
vt 0.890827 0.277317
vt 0.891392 0.276828
vt 0.701601 0.771489
vt 0.701601 0.784978
vt 0.273654 0.686383
vt 0.273685 0.657910
vt 0.964499 0.036031
vt 0.963975 0.037746
vt 0.963975 0.034946
vt 0.274905 0.655466
vt 0.273638 0.655477
vt 0.701601 0.772694
vt 0.701601 0.783292
vt 0.273638 0.692982
vt 0.034973 0.953789
vt 0.034946 0.954731
vt 0.034973 0.961515
vt 0.386607 0.257001
vt 0.466586 0.226081
vt 0.371624 0.304963
vt 0.386757 0.302096
vt 0.446252 0.657128
vt 0.430482 0.655466
vt 0.466536 0.252564
vt 0.370869 0.232893
vt 0.386757 0.232193
vt 0.372055 0.228104
vt 0.741447 0.043505
vt 0.734110 0.035622
vt 0.739643 0.035142
vt 0.481090 0.406971
vt 0.466448 0.409336
vt 0.481128 0.413341
vt 0.370911 0.307889
vt 0.386735 0.313327
vt 0.466574 0.218766
vt 0.735504 0.049807
vt 0.727937 0.036277
vt 0.386616 0.236044
vt 0.466563 0.246434
vt 0.466448 0.197561
vt 0.481575 0.198108
vt 0.466504 0.203270
vt 0.386537 0.332515
vt 0.372156 0.327907
vt 0.371207 0.332689
vt 0.466584 0.239915
vt 0.386694 0.316162
vt 0.466502 0.258213
vt 0.592406 0.671107
vt 0.606417 0.655699
vt 0.606417 0.671319
vt 0.386573 0.243146
vt 0.466583 0.233187
vt 0.655219 0.512669
vt 0.644634 0.508579
vt 0.640411 0.512669
vt 0.738554 0.492271
vt 0.729157 0.507823
vt 0.738554 0.508050
vt 0.811740 0.384068
vt 0.813195 0.400411
vt 0.811949 0.386108
vt 0.813440 0.401414
vt 0.811770 0.402808
vt 0.888096 0.354267
vt 0.888096 0.347680
vt 0.888583 0.741661
vt 0.888096 0.748428
vt 0.888583 0.749879
vt 0.126536 0.053375
vt 0.124252 0.054128
vt 0.126617 0.055925
vt 0.186027 0.048818
vt 0.183598 0.039306
vt 0.184131 0.049039
vt 0.185086 0.071211
vt 0.186629 0.061727
vt 0.184711 0.061476
vt 0.181739 0.074396
vt 0.186439 0.072781
vt 0.179953 0.036112
vt 0.184805 0.037752
vt 0.181332 0.071601
vt 0.175594 0.074644
vt 0.173798 0.036154
vt 0.179807 0.038910
vt 0.168902 0.072279
vt 0.169079 0.075103
vt 0.167358 0.039191
vt 0.167272 0.036360
vt 0.162336 0.073873
vt 0.162514 0.076705
vt 0.160707 0.037987
vt 0.155377 0.075439
vt 0.155554 0.078259
vt 0.153770 0.040029
vt 0.160794 0.040827
vt 0.148185 0.077898
vt 0.148361 0.080689
vt 0.146614 0.043253
vt 0.153857 0.042858
vt 0.141884 0.080688
vt 0.142060 0.083490
vt 0.140322 0.046241
vt 0.146699 0.046051
vt 0.133258 0.084350
vt 0.133433 0.087141
vt 0.131713 0.050267
vt 0.140408 0.049049
vt 0.131798 0.053061
vt 0.127581 0.087004
vt 0.121836 0.087634
vt 0.127542 0.089702
vt 0.185679 0.036531
vt 0.179915 0.034946
vt 0.173759 0.034980
vt 0.175417 0.071838
vt 0.167233 0.035176
vt 0.173884 0.038967
vt 0.160668 0.036808
vt 0.153732 0.038879
vt 0.146578 0.042155
vt 0.140287 0.045147
vt 0.131678 0.049198
vt 0.126026 0.052379
vt 0.106178 0.959643
vt 0.105466 0.953789
vt 0.104866 0.954258
vt 0.120766 0.055947
vt 0.122523 0.085172
vt 0.566101 0.355999
vt 0.570515 0.343047
vt 0.566083 0.343093
vt 0.570519 0.330965
vt 0.566068 0.331013
vt 0.565666 0.366750
vt 0.570519 0.355954
vt 0.565229 0.323859
vt 0.564922 0.318305
vt 0.561226 0.318356
vt 0.569703 0.323811
vt 0.477532 0.770145
vt 0.472665 0.786230
vt 0.476771 0.787170
vt 0.195070 0.038674
vt 0.196121 0.049406
vt 0.553306 0.355963
vt 0.197402 0.062284
vt 0.198415 0.074343
vt 0.553303 0.331253
vt 0.198956 0.081482
vt 0.553310 0.323810
vt 0.477887 0.269361
vt 0.466457 0.264267
vt 0.474334 0.272525
vt 0.645713 0.500331
vt 0.644835 0.503452
vt 0.647487 0.500293
vt 0.473339 0.398583
vt 0.476436 0.402315
vt 0.474776 0.398702
vt 0.647463 0.489758
vt 0.649055 0.489907
vt 0.396555 0.453404
vt 0.390254 0.456840
vt 0.391130 0.458232
vt 0.478493 0.352538
vt 0.481128 0.345652
vt 0.479858 0.343198
vt 0.476684 0.366306
vt 0.479765 0.354989
vt 0.474713 0.383120
vt 0.478011 0.368478
vt 0.476200 0.384052
vt 0.378193 0.459465
vt 0.381764 0.463165
vt 0.379960 0.465975
vt 0.369265 0.459213
vt 0.654901 0.500870
vt 0.655056 0.508212
vt 0.395345 0.451459
vt 0.388065 0.452778
vt 0.654646 0.489797
vt 0.649192 0.482671
vt 0.395183 0.440530
vt 0.391846 0.445501
vt 0.473275 0.351893
vt 0.391300 0.426980
vt 0.391083 0.434228
vt 0.471464 0.365716
vt 0.383221 0.413542
vt 0.386180 0.422029
vt 0.469498 0.382491
vt 0.372910 0.402582
vt 0.379028 0.412376
vt 0.641906 0.383367
vt 0.648851 0.386076
vt 0.649206 0.382292
vt 0.467836 0.398086
vt 0.176470 0.953789
vt 0.176340 0.960466
vt 0.176470 0.960710
vt 0.402772 0.771464
vt 0.396383 0.785776
vt 0.402772 0.787024
vt 0.068994 0.042441
vt 0.072133 0.065722
vt 0.078878 0.063359
vt 0.080510 0.078121
vt 0.123547 0.430559
vt 0.122249 0.487972
vt 0.124243 0.368134
vt 0.122057 0.390325
vt 0.122015 0.367199
vt 0.122889 0.390450
vt 0.124438 0.349502
vt 0.123428 0.347180
vt 0.771268 0.866936
vt 0.774377 0.866936
vt 0.773968 0.876604
vt 0.139088 0.404854
vt 0.135571 0.431433
vt 0.137053 0.394611
vt 0.138863 0.372728
vt 0.135690 0.371961
vt 0.138998 0.433116
vt 0.135751 0.488346
vt 0.135401 0.353422
vt 0.054041 0.103796
vt 0.066584 0.110067
vt 0.065517 0.098245
vt 0.137704 0.352547
vt 0.811740 0.658867
vt 0.814250 0.648510
vt 0.812051 0.646204
vt 0.814081 0.659749
vt 0.553299 0.167253
vt 0.554838 0.219844
vt 0.553587 0.218443
vt 0.468379 0.567175
vt 0.468365 0.483584
vt 0.466448 0.483233
vt 0.140124 0.485653
vt 0.138955 0.488432
vt 0.125813 0.419955
vt 0.133149 0.420122
vt 0.133849 0.421932
vt 0.553371 0.248412
vt 0.555068 0.248106
vt 0.141272 0.373404
vt 0.124513 0.390608
vt 0.126481 0.418359
vt 0.073682 0.152107
vt 0.078137 0.191236
vt 0.076280 0.151418
vt 0.072597 0.128856
vt 0.075190 0.128067
vt 0.075532 0.191777
vt 0.080618 0.246830
vt 0.071649 0.108539
vt 0.074239 0.107668
vt 0.071025 0.096702
vt 0.404136 0.878787
vt 0.402967 0.867323
vt 0.402967 0.881089
vt 0.073573 0.095830
vt 0.640411 0.093774
vt 0.641555 0.037901
vt 0.640411 0.034946
vt 0.074586 0.250668
vt 0.075529 0.261830
vt 0.070480 0.193364
vt 0.078045 0.247184
vt 0.068941 0.129992
vt 0.070019 0.153098
vt 0.125750 0.372684
vt 0.133902 0.375493
vt 0.135137 0.394396
vt 0.133588 0.393891
vt 0.126028 0.391135
vt 0.133190 0.376343
vt 0.126430 0.373964
vt 0.964576 0.251850
vt 0.963980 0.252507
vt 0.964581 0.252518
vt 0.387630 0.957698
vt 0.387017 0.957055
vt 0.387028 0.957724
vt 0.457645 0.956567
vt 0.458628 0.957160
vt 0.458646 0.956582
vt 0.963975 0.324696
vt 0.964979 0.324190
vt 0.963978 0.324167
vt 0.387646 0.958300
vt 0.387045 0.958338
vt 0.963975 0.467304
vt 0.964007 0.468767
vt 0.964497 0.468419
vt 0.387068 0.958872
vt 0.743076 0.954252
vt 0.743691 0.954662
vt 0.743717 0.953789
vt 0.316458 0.958295
vt 0.317015 0.958873
vt 0.317060 0.958333
vt 0.884600 0.955146
vt 0.885208 0.954868
vt 0.884571 0.953790
vt 0.317093 0.957714
vt 0.963975 0.681055
vt 0.964288 0.681588
vt 0.964288 0.680824
vt 0.885189 0.955737
vt 0.884588 0.955742
vt 0.316511 0.957027
vt 0.317114 0.957041
vt 0.964578 0.396249
vt 0.963982 0.395655
vt 0.963975 0.396259
vt 0.884577 0.956388
vt 0.317121 0.956339
vt 0.964577 0.396854
vt 0.963975 0.396875
vt 0.885173 0.956939
vt 0.884571 0.956967
vt 0.316511 0.955651
vt 0.317114 0.955638
vt 0.963983 0.397411
vt 0.743115 0.956599
vt 0.743711 0.957174
vt 0.743717 0.956619
vt 0.316491 0.954988
vt 0.317093 0.954962
vt 0.387646 0.954382
vt 0.387068 0.953789
vt 0.387045 0.954345
vt 0.743716 0.955990
vt 0.317060 0.954338
vt 0.387028 0.954974
vt 0.743706 0.955312
vt 0.743113 0.955982
vt 0.317015 0.953789
vt 0.316458 0.954376
vt 0.387619 0.955665
vt 0.387017 0.955653
vt 0.743104 0.955317
vt 0.964582 0.253767
vt 0.963975 0.254230
vt 0.964576 0.254274
vt 0.387616 0.956354
vt 0.387014 0.956355
vt 0.963982 0.253150
vt 0.964584 0.253174
vt 0.624982 0.869066
vt 0.624434 0.868953
vt 0.624567 0.869237
vt 0.624462 0.868208
vt 0.624114 0.868489
vt 0.623686 0.868060
vt 0.623399 0.867335
vt 0.623183 0.867724
vt 0.622624 0.867493
vt 0.622083 0.866936
vt 0.622031 0.867375
vt 0.621426 0.867375
vt 0.621392 0.866936
vt 0.620833 0.867493
vt 0.620076 0.867336
vt 0.620274 0.867725
vt 0.619771 0.868062
vt 0.619501 0.867720
vt 0.619343 0.868489
vt 0.618629 0.868783
vt 0.619007 0.868993
vt 0.618775 0.869551
vt 0.618230 0.870100
vt 0.618658 0.870146
vt 0.618658 0.870751
vt 0.618366 0.871470
vt 0.618777 0.871345
vt 0.619008 0.871904
vt 0.619014 0.872683
vt 0.619344 0.872407
vt 0.619503 0.873172
vt 0.619772 0.872835
vt 0.620276 0.873171
vt 0.620716 0.873820
vt 0.620835 0.873403
vt 0.621428 0.873521
vt 0.622085 0.873955
vt 0.622033 0.873521
vt 0.622745 0.873827
vt 0.622615 0.873407
vt 0.623227 0.873645
vt 0.623050 0.873242
vt 0.624694 0.869581
vt 0.623465 0.873528
vt 0.623243 0.873146
vt 0.623976 0.873172
vt 0.623688 0.872835
vt 0.624464 0.872682
vt 0.624116 0.872406
vt 0.624452 0.871903
vt 0.625112 0.871468
vt 0.624683 0.871343
vt 0.625246 0.870790
vt 0.624801 0.870749
vt 0.624801 0.870144
vt 0.625246 0.870098
vt 0.888211 0.196859
vt 0.891962 0.198864
vt 0.893967 0.195111
vt 0.890216 0.193105
vt 0.888436 0.194568
vt 0.888096 0.195648
vt 0.963980 0.108902
vt 0.964976 0.108374
vt 0.963975 0.108368
vt 0.963975 0.325251
vt 0.964976 0.324683
vt 0.458652 0.955980
vt 0.964991 0.109394
vt 0.963990 0.109430
vt 0.964979 0.325708
vt 0.963978 0.325748
vt 0.457645 0.955393
vt 0.458646 0.955378
vt 0.964006 0.109890
vt 0.964985 0.181476
vt 0.963975 0.181919
vt 0.964976 0.181953
vt 0.458628 0.954797
vt 0.529572 0.954310
vt 0.528591 0.953789
vt 0.528571 0.954266
vt 0.963987 0.180928
vt 0.964988 0.180936
vt 0.458599 0.954261
vt 0.457627 0.954827
vt 0.528557 0.954807
vt 0.963984 0.180360
vt 0.964985 0.180354
vt 0.457561 0.953845
vt 0.458561 0.953789
vt 0.529549 0.955405
vt 0.528548 0.955390
vt 0.963975 0.179815
vt 0.964976 0.179783
vt 0.814663 0.956254
vt 0.813653 0.956630
vt 0.814653 0.956690
vt 0.529546 0.955993
vt 0.528545 0.955993
vt 0.813671 0.955709
vt 0.814671 0.955745
vt 0.528548 0.956594
vt 0.813676 0.955161
vt 0.814676 0.955182
vt 0.529558 0.957139
vt 0.528557 0.957170
vt 0.813678 0.954596
vt 0.814679 0.954598
vt 0.529572 0.957653
vt 0.528571 0.957697
vt 0.814679 0.954132
vt 0.528591 0.958155
vt 0.963975 0.609790
vt 0.964265 0.610765
vt 0.964010 0.609797
vt 0.457599 0.957649
vt 0.458561 0.958156
vt 0.458599 0.957692
vt 0.964292 0.538743
vt 0.964292 0.539897
vt 0.964269 0.538710
vt 0.963975 0.108059
vt 0.650435 0.406105
vt 0.655464 0.398717
vt 0.650007 0.398970
vt 0.647201 0.198877
vt 0.645356 0.187606
vt 0.645796 0.198806
vt 0.650911 0.412343
vt 0.655887 0.405718
vt 0.324105 0.774721
vt 0.325214 0.782242
vt 0.325265 0.782010
vt 0.647907 0.210176
vt 0.645822 0.210584
vt 0.559036 0.082319
vt 0.553299 0.092141
vt 0.558746 0.092566
vt 0.326165 0.792797
vt 0.326144 0.793051
vt 0.554966 0.550156
vt 0.561273 0.549879
vt 0.553299 0.545351
vt 0.888096 0.827026
vt 0.889062 0.821484
vt 0.888096 0.819772
vt 0.655212 0.392397
vt 0.654264 0.386218
vt 0.650364 0.392732
vt 0.888497 0.512226
vt 0.888096 0.501839
vt 0.888629 0.501839
vt 0.699965 0.873901
vt 0.701106 0.869202
vt 0.699453 0.868683
vt 0.553299 0.049272
vt 0.559393 0.063168
vt 0.558294 0.047822
vt 0.645186 0.174625
vt 0.646845 0.164939
vt 0.645442 0.164749
vt 0.326165 0.770145
vt 0.554260 0.062844
vt 0.557444 0.067395
vt 0.646758 0.187420
vt 0.731325 0.122977
vt 0.737404 0.133875
vt 0.737657 0.121773
vt 0.727637 0.137803
vt 0.737657 0.141598
vt 0.695139 0.873937
vt 0.695139 0.866936
vt 0.640411 0.173563
vt 0.640667 0.163666
vt 0.641165 0.391350
vt 0.640411 0.397925
vt 0.568729 0.074721
vt 0.640547 0.186472
vt 0.568340 0.085877
vt 0.567833 0.094643
vt 0.640985 0.198453
vt 0.640411 0.210798
vt 0.641714 0.412672
vt 0.641238 0.406283
vt 0.814000 0.219804
vt 0.811740 0.225324
vt 0.814558 0.225324
vt 0.812116 0.124550
vt 0.814555 0.119272
vt 0.811740 0.119272
vt 0.561326 0.470906
vt 0.554880 0.470426
vt 0.553299 0.475458
vt 0.557099 0.078096
vt 0.553700 0.082109
vt 0.564014 0.555897
vt 0.569594 0.555672
vt 0.563963 0.464737
vt 0.569550 0.465282
vt 0.812207 0.128450
vt 0.813830 0.124550
vt 0.557441 0.462421
vt 0.553363 0.460313
vt 0.554704 0.464126
vt 0.554760 0.556458
vt 0.559505 0.553019
vt 0.559445 0.467585
vt 0.557481 0.558176
vt 0.555106 0.567108
vt 0.558019 0.563196
vt 0.555715 0.561725
vt 0.558003 0.457407
vt 0.555116 0.453476
vt 0.555695 0.458862
vt 0.813867 0.215896
vt 0.812284 0.219804
vt 0.553396 0.560263
vt 0.560149 0.460715
vt 0.560184 0.559900
vt 0.812028 0.137495
vt 0.813323 0.133188
vt 0.812191 0.133188
vt 0.553408 0.449312
vt 0.553299 0.454607
vt 0.813631 0.128450
vt 0.813782 0.211337
vt 0.812442 0.215896
vt 0.553299 0.565968
vt 0.556800 0.578443
vt 0.557062 0.573603
vt 0.555224 0.572429
vt 0.557110 0.446993
vt 0.556883 0.442148
vt 0.555269 0.448154
vt 0.813876 0.207388
vt 0.812648 0.211337
vt 0.553374 0.571262
vt 0.556913 0.452343
vt 0.556899 0.568253
vt 0.548209 0.871187
vt 0.547112 0.875492
vt 0.548276 0.875524
vt 0.557189 0.438888
vt 0.554991 0.443325
vt 0.547195 0.880205
vt 0.548337 0.880236
vt 0.888112 0.667492
vt 0.889230 0.662666
vt 0.888096 0.662582
vt 0.554919 0.577256
vt 0.547173 0.868827
vt 0.548337 0.868859
vt 0.548335 0.866964
vt 0.888096 0.671691
vt 0.889269 0.667578
vt 0.557090 0.581706
vt 0.558755 0.440968
vt 0.559100 0.437552
vt 0.558992 0.583052
vt 0.558669 0.579636
vt 0.254212 0.780840
vt 0.251039 0.770148
vt 0.251039 0.780843
vt 0.333066 0.872127
vt 0.329887 0.866942
vt 0.329878 0.872133
vt 0.105846 0.770145
vt 0.109012 0.780983
vt 0.109031 0.770154
vt 0.474028 0.872486
vt 0.477219 0.878225
vt 0.477213 0.872522
vt 0.181146 0.782326
vt 0.178924 0.770145
vt 0.178924 0.782324
vt 0.181146 0.794995
vt 0.178924 0.794993
vt 0.729850 0.422378
vt 0.727682 0.409387
vt 0.727637 0.422372
vt 0.729895 0.409393
vt 0.727637 0.394557
vt 0.035388 0.670121
vt 0.036779 0.681176
vt 0.037162 0.670182
vt 0.037524 0.659492
vt 0.042839 0.656930
vt 0.043127 0.658682
vt 0.041927 0.683452
vt 0.041995 0.681675
vt 0.048919 0.681547
vt 0.050306 0.668444
vt 0.048530 0.668440
vt 0.048897 0.657614
vt 0.354084 0.667652
vt 0.349215 0.657333
vt 0.348843 0.668023
vt 0.353666 0.679520
vt 0.348449 0.679016
vt 0.360213 0.666291
vt 0.354818 0.656529
vt 0.360589 0.679398
vt 0.333074 0.879052
vt 0.329887 0.879058
vt 0.105827 0.780975
vt 0.109031 0.794050
vt 0.474034 0.866936
vt 0.477219 0.866972
vt 0.254211 0.791841
vt 0.251039 0.791844
vt 0.063725 0.061312
vt 0.072734 0.073140
vt 0.071522 0.058319
vt 0.049443 0.065806
vt 0.036142 0.076105
vt 0.049502 0.082872
vt 0.057716 0.040597
vt 0.063301 0.037912
vt 0.035703 0.041682
vt 0.038826 0.040399
vt 0.035741 0.038473
vt 0.043997 0.051665
vt 0.036292 0.052141
vt 0.034946 0.060360
vt 0.041482 0.045054
vt 0.037277 0.045848
vt 0.067425 0.035868
vt 0.046815 0.037964
vt 0.052718 0.039752
vt 0.040517 0.034946
vt 0.036142 0.035405
vt 0.657573 0.301571
vt 0.034946 0.882212
vt 0.035148 0.866943
vt 0.034946 0.866936
vt 0.656679 0.312211
vt 0.888398 0.585301
vt 0.888096 0.589507
vt 0.888398 0.592689
vt 0.052010 0.530278
vt 0.550756 0.784841
vt 0.549087 0.792039
vt 0.034946 0.575087
vt 0.741447 0.034946
vt 0.551849 0.092080
vt 0.656370 0.412031
vt 0.657336 0.405617
vt 0.656914 0.398630
vt 0.656914 0.398639
vt 0.656579 0.392348
vt 0.656370 0.386286
vt 0.569699 0.555365
vt 0.561362 0.549742
vt 0.553546 0.545124
vt 0.552982 0.062809
vt 0.000000 0.000000
vt 0.094667 0.062592
vt 0.121656 0.655466
vt 0.564037 0.034946
vt 0.125248 0.096158
vt 0.211165 0.347180
vt 0.740288 0.310308
vt 0.816744 0.049351
vt 0.698333 0.784987
vt 0.729123 0.310308
vt 0.732702 0.310338
vt 0.183378 0.866960
vt 0.891484 0.355255
vt 0.889725 0.355223
vt 0.177293 0.866936
vt 0.813710 0.473181
vt 0.089657 0.249415
vt 0.891242 0.121915
vt 0.813658 0.296743
vt 0.625416 0.770145
vt 0.483354 0.253155
vt 0.118762 0.053073
vt 0.228145 0.394485
vt 0.640411 0.281230
vt 0.051959 0.585385
vt 0.051417 0.458038
vt 0.051944 0.571852
vt 0.051316 0.354222
vt 0.964728 0.037418
vt 0.467023 0.405388
vt 0.466543 0.211903
vt 0.727637 0.051880
vt 0.386705 0.327869
vt 0.727637 0.492569
vt 0.811740 0.403285
vt 0.106447 0.956120
vt 0.570382 0.366710
vt 0.472665 0.770376
vt 0.553299 0.343057
vt 0.553396 0.318308
vt 0.482821 0.269821
vt 0.466448 0.271477
vt 0.474654 0.342418
vt 0.067695 0.035964
vt 0.054969 0.116888
vt 0.814250 0.660944
vt 0.469492 0.557500
vt 0.140643 0.404480
vt 0.641520 0.093542
vt 0.963975 0.251846
vt 0.963975 0.468817
vt 0.387669 0.958824
vt 0.885202 0.955132
vt 0.316491 0.957687
vt 0.964227 0.681604
vt 0.885179 0.956371
vt 0.316518 0.956339
vt 0.964585 0.397379
vt 0.387630 0.954999
vt 0.316413 0.953837
vt 0.743089 0.954668
vt 0.963981 0.253733
vt 0.387619 0.957041
vt 0.624828 0.868737
vt 0.623974 0.867718
vt 0.622760 0.867070
vt 0.620714 0.867070
vt 0.619013 0.868208
vt 0.618364 0.869421
vt 0.618230 0.870792
vt 0.618630 0.872108
vt 0.620078 0.873556
vt 0.621394 0.873956
vt 0.625126 0.869457
vt 0.624848 0.872108
vt 0.892507 0.193330
vt 0.893741 0.197403
vt 0.889671 0.198639
vt 0.890589 0.193354
vt 0.964981 0.108879
vt 0.964976 0.325224
vt 0.457650 0.955980
vt 0.965007 0.109842
vt 0.963984 0.181454
vt 0.457599 0.954305
vt 0.529558 0.954837
vt 0.813663 0.956206
vt 0.529549 0.956578
vt 0.813610 0.953789
vt 0.529591 0.958100
vt 0.963975 0.610931
vt 0.963975 0.539689
vt 0.457627 0.957130
vt 0.701375 0.873853
vt 0.646599 0.174741
vt 0.554630 0.067311
vt 0.729216 0.131723
vt 0.560178 0.073159
vt 0.547300 0.866936
vt 0.560774 0.436643
vt 0.035801 0.657946
vt 0.034946 0.682784
vt 0.050746 0.683289
vt 0.050746 0.655466
vt 0.657398 0.307801
vt 0.035115 0.883896
vt 0.813964 0.730843
vt 0.813985 0.560500
vt 0.294971 0.039480
vt 0.035798 0.585573
vt 0.550756 0.770145
vt 0.035169 0.560725
vt 0.091531 0.148213
vt 0.129230 0.101040
vt 0.125733 0.093944
vt 0.125464 0.094824
vt 0.125421 0.095475
vt 0.121633 0.099785
vt 0.117410 0.108100
vt 0.123396 0.098193
vt 0.122824 0.098415
vt 0.124001 0.097832
vt 0.122010 0.098534
vt 0.121332 0.098495
vt 0.120649 0.098322
vt 0.125346 0.094010
vt 0.125119 0.093411
vt 0.120013 0.098019
vt 0.124759 0.092805
vt 0.124287 0.092282
vt 0.119449 0.097598
vt 0.118977 0.097074
vt 0.123722 0.091861
vt 0.123086 0.091558
vt 0.118616 0.096469
vt 0.118380 0.095805
vt 0.122404 0.091385
vt 0.118279 0.095108
vt 0.118315 0.094404
vt 0.121701 0.091349
vt 0.121004 0.091451
vt 0.118488 0.093721
vt 0.120340 0.091687
vt 0.119735 0.092047
vt 0.041032 0.273789
vt 0.039553 0.140058
vt 0.695309 0.785009
vt 0.888096 0.276945
vt 0.084534 0.277287
vt 0.518037 0.655531
vt 0.890215 0.034946
vt 0.278229 0.686358
vt 0.203460 0.685936
vt 0.259985 0.877436
vt 0.385667 0.077152
vt 0.673183 0.956837
vt 0.233919 0.391538
vt 0.369265 0.158211
vt 0.246363 0.960242
vt 0.640458 0.312148
vt 0.727817 0.605979
vt 0.035790 0.770145
vt 0.286017 0.145574
vt 0.274972 0.047245
vt 0.269345 0.241779
vt 0.727637 0.211491
vt 0.446072 0.674866
vt 0.297559 0.055034
vt 0.107400 0.881260
vt 0.369289 0.066561
vt 0.591181 0.655466
vt 0.104866 0.959580
vt 0.479169 0.782379
vt 0.553370 0.366694
vt 0.374924 0.467808
vt 0.654460 0.482565
vt 0.369265 0.404011
vt 0.647041 0.382104
vt 0.396058 0.770145
vt 0.555068 0.164536
vt 0.466448 0.564425
vt 0.404077 0.866936
vt 0.316413 0.958825
vt 0.964585 0.395641
vt 0.743108 0.957144
vt 0.387669 0.953837
vt 0.891400 0.192991
vt 0.888430 0.195636
vt 0.888096 0.196337
vt 0.888436 0.197404
vt 0.888764 0.197894
vt 0.889181 0.198311
vt 0.890216 0.198865
vt 0.890793 0.198980
vt 0.891383 0.198979
vt 0.892507 0.198639
vt 0.892997 0.198311
vt 0.893414 0.197894
vt 0.893967 0.196858
vt 0.894082 0.196279
vt 0.894082 0.195689
vt 0.893741 0.194566
vt 0.893414 0.194075
vt 0.892997 0.193658
vt 0.891962 0.193105
vt 0.890711 0.192991
vt 0.889671 0.193332
vt 0.889181 0.193659
vt 0.888764 0.194077
vt 0.888211 0.195112
vt 0.529591 0.953845
vt 0.457561 0.958101
vt 0.965054 0.107639
vt 0.888109 0.827280
vt 0.325570 0.771150
vt 0.554285 0.078012
vt 0.813170 0.137495
vt 0.812733 0.207388
vt 0.547175 0.871159
vt 0.889124 0.671768
vt 0.560661 0.583972
vt 0.254211 0.770145
vt 0.333074 0.866936
vt 0.474034 0.878188
vt 0.181146 0.770147
vt 0.729850 0.394563
vt 0.360589 0.655466
vt 0.105846 0.794042
vt 0.888096 0.582119
vt 0.035837 0.579329
vt 0.552361 0.082051
vt 0.657817 0.411916
s 0
usemtl Material
f 4/1/1 6/2/1 2/3/1
f 2/3/2 7/4/2 3/5/2
f 1/6/3 8/7/3 4/1/3
f 34/8/4 28/9/4 30/10/4
f 32/11/5 29/12/5 28/9/5
f 38/13/6 32/11/6 34/8/6
f 35/14/6 34/8/6 31/15/6
f 36/16/6 33/17/6 32/11/6
f 42/18/6 36/16/6 38/13/6
f 39/19/6 38/13/6 35/14/6
f 40/20/6 37/21/6 36/16/6
f 46/22/6 40/20/6 42/18/6
f 39/19/6 46/22/6 42/18/6
f 44/23/6 41/24/6 40/20/6
f 49/25/6 45/26/6 44/23/6
f 859/27/7 48/28/7 52/29/7
f 856/30/8 53/31/8 49/32/8
f 47/33/9 48/34/9 43/35/9
f 53/36/6 50/37/6 49/25/6
f 855/38/10 49/32/10 44/39/10
f 857/40/11 43/41/11 48/28/11
f 68/42/12 559/43/12 560/44/12
f 71/45/13 884/46/13 75/47/13
f 71/45/14 66/48/14 68/42/14
f 562/49/15 895/50/15 560/51/15
f 75/47/16 69/52/16 71/45/16
f 73/53/17 70/54/17 69/52/17
f 60/55/18 872/56/18 59/57/18
f 59/57/19 871/58/19 58/59/19
f 94/60/20 80/61/20 79/62/20
f 118/63/21 113/64/21 50/37/21
f 561/65/22 116/66/22 54/67/22
f 80/61/23 81/68/23 79/62/23
f 81/68/24 82/69/24 79/62/24
f 92/70/25 86/71/25 85/72/25
f 560/44/26 880/73/26 68/42/26
f 345/74/27 892/75/27 388/76/27
f 886/77/28 62/78/28 87/79/28
f 558/80/29 896/81/29 562/49/29
f 58/59/30 870/82/30 57/83/30
f 878/84/31 64/85/31 65/86/31
f 883/87/32 76/88/32 72/89/32
f 57/83/33 894/90/33 558/91/33
f 884/92/34 72/89/34 75/93/34
f 90/94/35 82/95/35 86/71/35
f 563/96/36 88/97/36 565/98/36
f 92/70/37 575/99/37 90/94/37
f 116/66/6 95/100/6 118/63/6
f 566/101/38 93/102/38 116/66/38
f 93/102/39 96/103/39 95/100/39
f 67/104/40 573/105/40 570/106/40
f 564/107/41 88/97/41 93/102/41
f 100/108/42 95/100/42 96/103/42
f 100/109/43 98/110/43 101/111/43
f 660/112/44 659/113/44 108/114/44
f 29/12/45 643/115/45 642/116/45
f 29/12/46 37/21/46 110/117/46
f 41/24/47 110/117/47 37/21/47
f 45/26/48 111/118/48 41/24/48
f 50/37/49 112/119/49 45/26/49
f 95/100/50 119/120/50 118/63/50
f 114/121/51 83/122/51 81/68/51
f 54/67/6 118/63/6 50/37/6
f 117/123/52 78/124/52 94/60/52
f 74/125/53 117/123/53 70/54/53
f 51/126/54 52/127/54 48/34/54
f 121/128/55 188/129/55 187/130/55
f 123/131/56 189/132/56 188/129/56
f 125/133/57 190/134/57 189/132/57
f 190/134/58 129/135/58 191/136/58
f 129/137/59 192/138/59 191/139/59
f 192/138/60 133/140/60 193/141/60
f 193/141/61 135/142/61 194/143/61
f 137/144/62 196/145/62 195/146/62
f 196/145/63 141/147/63 197/148/63
f 141/147/64 198/149/64 197/148/64
f 143/150/65 199/151/65 198/152/65
f 199/151/66 147/153/66 200/154/66
f 147/153/67 201/155/67 200/154/67
f 201/155/68 121/128/68 187/130/68
f 151/156/69 218/157/69 217/158/69
f 153/159/70 219/160/70 218/157/70
f 219/160/71 157/161/71 220/162/71
f 220/162/72 159/163/72 221/164/72
f 221/165/73 161/166/73 222/167/73
f 161/166/74 223/168/74 222/167/74
f 223/168/75 165/169/75 224/170/75
f 426/171/76 169/172/76 225/173/76
f 169/172/77 226/174/77 225/173/77
f 171/175/78 227/176/78 226/174/78
f 227/177/79 175/178/79 228/179/79
f 175/178/80 229/180/80 228/179/80
f 177/181/81 230/182/81 229/180/81
f 179/183/82 217/158/82 230/182/82
f 162/184/83 238/185/83 237/186/83
f 85/187/84 180/188/84 563/96/84
f 182/189/85 184/190/85 183/191/85
f 183/191/86 186/192/86 182/189/86
f 91/193/87 183/194/87 88/97/87
f 88/97/88 184/195/88 96/103/88
f 120/196/89 188/197/89 122/198/89
f 124/199/90 188/200/90 189/201/90
f 126/202/91 189/201/91 190/203/91
f 128/204/92 190/203/92 191/205/92
f 130/206/93 191/205/93 192/207/93
f 132/208/94 192/207/94 193/209/94
f 132/210/95 194/211/95 134/212/95
f 136/213/96 196/214/96 138/215/96
f 138/216/97 197/217/97 140/218/97
f 142/219/98 197/217/98 198/220/98
f 144/221/99 198/220/99 199/222/99
f 146/223/100 199/222/100 200/224/100
f 148/225/101 200/224/101 201/226/101
f 120/196/102 201/227/102 187/228/102
f 136/213/103 211/229/103 210/230/103
f 140/231/104 211/229/104 138/215/104
f 120/196/105 203/232/105 202/233/105
f 142/234/106 212/235/106 140/231/106
f 122/198/107 204/236/107 203/232/107
f 144/237/108 213/238/108 142/239/108
f 126/240/109 204/236/109 124/241/109
f 144/237/110 215/242/110 214/243/110
f 128/244/111 205/245/111 126/240/111
f 146/246/112 216/247/112 215/242/112
f 128/248/113 207/249/113 206/250/113
f 120/196/114 216/247/114 148/251/114
f 130/252/115 208/253/115 207/249/115
f 132/210/116 209/254/116 208/253/116
f 152/255/117 217/256/117 218/257/117
f 154/258/118 218/257/118 219/259/118
f 156/260/119 219/259/119 220/261/119
f 156/260/120 221/262/120 158/263/120
f 160/264/121 221/262/121 222/265/121
f 160/264/122 223/266/122 162/267/122
f 162/267/123 224/268/123 164/269/123
f 166/270/124 225/271/124 168/272/124
f 168/272/125 226/273/125 170/274/125
f 170/274/126 227/275/126 172/276/126
f 174/277/127 227/275/127 228/278/127
f 176/279/128 228/278/128 229/280/128
f 178/281/129 229/280/129 230/282/129
f 150/283/130 230/282/130 217/256/130
f 168/284/131 239/285/131 166/286/131
f 170/287/132 240/288/132 168/284/132
f 152/289/133 231/290/133 150/291/133
f 170/287/134 242/292/134 241/293/134
f 154/294/135 232/295/135 152/289/135
f 172/296/136 243/297/136 242/298/136
f 156/299/137 233/300/137 154/294/137
f 176/301/138 243/297/138 174/302/138
f 156/299/139 235/303/139 234/304/139
f 178/305/140 244/306/140 176/301/140
f 160/307/141 235/308/141 158/309/141
f 150/291/142 245/310/142 178/305/142
f 160/307/143 237/186/143 236/311/143
f 274/312/144 275/313/144 47/314/144
f 248/315/145 247/316/145 246/317/145
f 248/315/146 251/318/146 249/319/146
f 250/320/147 253/321/147 251/318/147
f 252/322/148 255/323/148 253/321/148
f 256/324/149 255/323/149 254/325/149
f 258/326/150 257/327/150 256/324/150
f 260/328/151 259/329/151 258/326/151
f 262/330/152 261/331/152 260/328/152
f 264/332/153 263/333/153 262/330/153
f 266/334/154 265/335/154 264/332/154
f 268/336/155 267/337/155 266/338/155
f 270/339/156 269/340/156 268/336/156
f 272/341/157 271/342/157 270/343/157
f 272/344/158 274/312/158 273/345/158
f 247/316/159 5/346/159 1/347/159
f 249/319/160 9/348/160 5/346/160
f 251/318/161 11/349/161 9/348/161
f 253/321/162 13/350/162 11/349/162
f 13/350/163 257/327/163 15/351/163
f 15/351/164 259/329/164 17/352/164
f 17/352/165 261/331/165 19/353/165
f 19/353/166 263/333/166 21/354/166
f 21/354/167 265/335/167 23/355/167
f 23/355/168 267/356/168 25/357/168
f 31/358/169 273/359/169 35/360/169
f 35/360/170 274/361/170 39/362/170
f 274/361/171 43/35/171 39/362/171
f 294/363/172 26/364/172 295/365/172
f 277/366/173 278/367/173 276/368/173
f 279/369/174 280/370/174 278/367/174
f 280/370/175 283/371/175 282/372/175
f 282/372/176 285/373/176 284/374/176
f 284/374/177 287/375/177 286/376/177
f 286/376/178 289/377/178 288/378/178
f 288/378/179 291/379/179 290/380/179
f 290/380/180 293/381/180 292/382/180
f 292/382/181 294/383/181 295/384/181
f 3/5/182 279/385/182 277/386/182
f 10/387/183 279/385/183 7/4/183
f 10/387/184 283/388/184 281/389/184
f 14/390/185 283/388/185 12/391/185
f 16/392/186 285/393/186 14/390/186
f 18/394/187 287/395/187 16/392/187
f 20/396/188 289/397/188 18/394/188
f 22/398/189 291/399/189 20/396/189
f 24/400/190 293/401/190 22/398/190
f 27/402/191 294/403/191 24/400/191
f 297/404/6 298/405/6 296/406/6
f 301/407/6 298/405/6 299/408/6
f 303/409/6 300/410/6 301/407/6
f 305/411/6 302/412/6 303/409/6
f 307/413/6 304/414/6 305/411/6
f 309/415/6 306/416/6 307/413/6
f 311/417/6 308/418/6 309/415/6
f 313/419/6 310/420/6 311/417/6
f 314/421/192 316/422/192 315/423/192
f 318/424/193 315/425/193 319/426/193
f 323/427/194 319/428/194 324/429/194
f 320/430/195 323/427/195 324/429/195
f 267/356/196 317/431/196 314/432/196
f 317/431/197 271/342/197 31/358/197
f 30/10/198 319/428/198 315/423/198
f 31/15/199 30/10/199 315/423/199
f 320/430/200 30/10/200 28/9/200
f 322/433/201 28/9/201 29/12/201
f 313/419/202 321/434/202 312/435/202
f 252/436/203 326/437/203 327/438/203
f 260/439/204 332/440/204 262/441/204
f 270/339/205 337/442/205 272/344/205
f 246/443/206 325/444/206 248/445/206
f 256/446/207 330/447/207 258/448/207
f 266/338/208 335/449/208 268/336/208
f 254/450/209 327/438/209 328/451/209
f 262/441/210 333/452/210 264/453/210
f 272/344/211 338/454/211 275/313/211
f 250/455/212 325/444/212 326/437/212
f 258/448/213 331/456/213 260/439/213
f 268/336/214 336/457/214 270/339/214
f 254/450/215 329/458/215 256/446/215
f 264/453/216 334/459/216 266/338/216
f 336/460/27 378/461/27 337/462/27
f 56/463/217 340/464/217 383/465/217
f 338/466/6 378/467/6 379/468/6
f 352/469/218 77/470/218 74/471/218
f 558/91/219 341/472/219 57/83/219
f 325/473/27 477/474/27 366/475/27
f 57/83/220 342/476/220 58/59/220
f 325/473/27 367/477/27 326/478/27
f 58/59/221 343/479/221 59/57/221
f 326/478/27 368/480/27 327/481/27
f 355/482/222 78/483/222 77/470/222
f 59/57/223 344/484/223 60/55/223
f 327/481/27 369/485/27 328/486/27
f 349/487/224 76/88/224 65/488/224
f 194/143/225 363/489/225 364/490/225
f 134/212/226 365/491/226 209/254/226
f 60/55/227 345/492/227 61/493/227
f 328/486/27 370/494/27 329/495/27
f 354/496/228 72/89/228 76/88/228
f 51/497/229 339/498/229 340/464/229
f 345/492/230 62/499/230 61/493/230
f 329/495/27 371/500/27 330/501/27
f 62/78/231 359/502/231 87/79/231
f 78/483/232 357/503/232 80/504/232
f 359/502/233 63/505/233 87/79/233
f 330/501/27 372/506/27 331/507/27
f 63/505/234 348/508/234 64/509/234
f 331/507/27 373/510/27 332/511/27
f 134/212/235 364/512/235 362/513/235
f 348/508/236 65/488/236 64/509/236
f 332/511/27 374/514/27 333/515/27
f 80/504/237 358/516/237 81/517/237
f 114/518/238 361/519/238 115/520/238
f 333/515/27 375/521/27 334/522/27
f 350/523/239 75/93/239 72/89/239
f 334/522/27 376/524/27 335/525/27
f 351/526/240 74/471/240 73/527/240
f 358/516/241 114/518/241 81/517/241
f 335/525/27 377/528/27 336/460/27
f 353/529/242 73/527/242 75/93/242
f 391/530/27 349/531/27 348/532/27
f 376/524/27 419/533/27 377/528/27
f 362/534/27 406/535/27 404/536/27
f 393/537/27 353/538/27 350/539/27
f 377/528/27 420/540/27 378/461/27
f 365/541/6 404/542/6 407/543/6
f 394/544/27 352/545/27 351/546/27
f 378/461/27 421/547/27 379/548/27
f 366/475/27 477/474/27 408/549/27
f 396/550/27 351/546/27 353/538/27
f 340/551/27 381/552/27 382/553/27
f 366/475/27 409/554/27 367/477/27
f 392/555/27 354/556/27 349/531/27
f 383/557/27 340/551/27 382/553/27
f 367/477/27 410/558/27 368/480/27
f 397/559/27 350/539/27 354/556/27
f 568/560/27 341/561/27 567/562/27
f 368/480/27 411/563/27 369/485/27
f 395/564/27 355/565/27 352/545/27
f 384/566/27 342/567/27 341/561/27
f 369/485/27 412/568/27 370/494/27
f 355/565/6 399/569/6 356/570/6
f 342/567/27 386/571/27 343/572/27
f 370/494/27 413/573/27 371/500/27
f 399/569/27 357/574/27 356/570/27
f 343/572/27 387/575/27 344/576/27
f 371/500/27 414/577/27 372/506/27
f 357/578/27 401/579/27 358/580/27
f 344/576/27 388/76/27 345/74/27
f 372/506/27 415/581/27 373/510/27
f 389/582/27 359/583/27 346/584/27
f 388/76/27 346/584/27 345/74/27
f 373/510/27 416/585/27 374/514/27
f 115/586/243 443/587/243 83/588/243
f 402/589/27 347/590/27 359/583/27
f 374/514/27 417/591/27 375/521/27
f 358/580/6 403/592/6 360/593/6
f 347/590/6 391/530/6 348/532/6
f 375/521/27 418/594/27 376/524/27
f 364/595/27 405/596/27 406/535/27
f 275/313/244 339/498/244 47/314/244
f 167/597/245 423/598/245 426/171/245
f 137/144/246 424/599/246 422/600/246
f 136/213/247 430/601/247 428/602/247
f 424/603/27 429/604/27 433/605/27
f 195/606/248 428/602/248 429/607/248
f 422/600/27 433/608/27 431/609/27
f 210/230/249 434/610/249 430/601/249
f 423/611/27 432/612/27 426/613/27
f 186/192/250 459/614/250 182/189/250
f 290/380/251 473/615/251 288/378/251
f 185/616/252 462/617/252 186/192/252
f 83/588/253 442/618/253 82/619/253
f 282/372/254 469/620/254 280/370/254
f 96/621/255 449/622/255 100/623/255
f 246/624/256 464/625/256 463/626/256
f 108/627/257 441/628/257 26/629/257
f 91/630/258 461/631/258 185/616/258
f 292/382/259 474/632/259 290/380/259
f 247/633/260 437/634/260 464/625/260
f 184/190/261 446/635/261 96/621/261
f 284/374/262 470/636/262 282/372/262
f 441/637/263 295/384/263 26/638/263
f 476/639/264 292/382/264 295/384/264
f 458/640/265 180/641/265 181/642/265
f 286/376/266 471/643/266 284/374/266
f 180/641/267 445/644/267 91/630/267
f 468/645/268 276/368/268 278/367/268
f 82/646/269 444/647/269 86/648/269
f 182/189/270 460/649/270 184/190/270
f 288/378/271 472/650/271 286/376/271
f 469/620/272 278/367/272 280/370/272
f 449/651/273 99/652/273 100/653/273
f 444/654/274 181/655/274 86/656/274
f 238/657/6 478/658/6 481/659/6
f 164/660/27 480/661/27 478/658/27
f 224/170/275 479/662/275 480/663/275
f 426/664/276 482/665/276 167/666/276
f 523/667/277 525/668/277 524/669/277
f 489/670/278 483/671/278 490/672/278
f 487/673/279 486/674/279 485/675/279
f 485/675/280 489/670/280 490/672/280
f 487/673/281 493/676/281 488/677/281
f 492/678/282 483/671/282 484/679/282
f 494/680/283 497/681/283 493/676/283
f 496/682/284 491/683/284 492/678/284
f 497/681/285 502/684/285 501/685/285
f 499/686/286 496/682/286 500/687/286
f 501/685/287 506/688/287 505/689/287
f 504/690/288 499/686/288 500/687/288
f 505/689/289 510/691/289 509/692/289
f 508/693/290 503/694/290 504/690/290
f 509/692/291 514/695/291 513/696/291
f 512/697/292 507/698/292 508/693/292
f 513/696/293 518/699/293 517/700/293
f 516/701/294 511/702/294 512/697/294
f 517/700/295 522/703/295 521/704/295
f 520/705/296 515/706/296 516/701/296
f 523/667/297 519/707/297 520/705/297
f 527/708/298 521/704/298 522/703/298
f 527/708/299 529/709/299 526/710/299
f 484/679/300 8/7/300 5/711/300
f 483/671/301 297/404/301 490/672/301
f 492/678/302 5/711/302 9/712/302
f 6/2/303 488/677/303 7/4/303
f 296/406/304 487/673/304 485/675/304
f 8/7/305 486/674/305 6/2/305
f 490/672/306 296/406/306 485/675/306
f 488/677/307 10/387/307 7/4/307
f 496/682/308 9/712/308 11/713/308
f 491/683/309 299/408/309 297/404/309
f 493/676/310 12/391/310 10/387/310
f 296/406/311 498/714/311 494/680/311
f 500/687/312 11/713/312 13/715/312
f 495/716/313 301/407/313 299/408/313
f 12/391/314 501/685/314 14/390/314
f 300/410/315 498/714/315 298/405/315
f 15/717/316 500/687/316 13/715/316
f 503/694/317 301/407/317 499/686/317
f 14/390/318 505/689/318 16/392/318
f 302/412/319 502/684/319 300/410/319
f 17/718/320 504/690/320 15/717/320
f 507/698/321 303/409/321 503/694/321
f 16/392/322 509/692/322 18/394/322
f 304/414/323 506/688/323 302/412/323
f 19/719/324 508/693/324 17/718/324
f 511/702/325 305/411/325 507/698/325
f 18/394/326 513/696/326 20/396/326
f 306/416/327 510/691/327 304/414/327
f 21/720/328 512/697/328 19/719/328
f 515/706/329 307/413/329 511/702/329
f 20/396/330 517/700/330 22/398/330
f 308/418/331 514/695/331 306/416/331
f 23/721/332 516/701/332 21/720/332
f 519/707/333 309/415/333 515/706/333
f 22/398/334 521/704/334 24/400/334
f 310/420/335 518/699/335 308/418/335
f 25/722/336 520/705/336 23/721/336
f 524/669/337 311/417/337 519/707/337
f 312/435/338 522/703/338 310/420/338
f 24/400/339 526/710/339 27/402/339
f 318/723/340 523/724/340 25/725/340
f 318/726/341 313/419/341 524/669/341
f 526/710/342 529/709/342 29/12/342
f 312/435/343 528/727/343 527/708/343
f 529/709/344 321/434/344 320/430/344
f 537/728/345 533/729/345 532/730/345
f 532/730/346 535/731/346 534/732/346
f 530/733/347 536/734/347 537/728/347
f 541/735/348 538/736/348 539/737/348
f 540/738/349 534/732/349 535/731/349
f 436/739/350 1/740/350 531/741/350
f 531/742/351 4/1/351 536/743/351
f 440/744/352 530/733/352 537/728/352
f 532/730/353 440/744/353 537/728/353
f 536/743/354 2/3/354 533/745/354
f 533/745/355 3/5/355 535/746/355
f 439/747/356 532/730/356 534/732/356
f 535/746/357 277/386/357 540/748/357
f 541/735/358 439/747/358 534/732/358
f 539/737/359 466/749/359 541/735/359
f 538/750/360 277/366/360 276/368/360
f 467/751/361 539/752/361 538/750/361
f 542/753/362 544/754/362 543/755/362
f 555/756/363 557/757/363 556/758/363
f 545/759/364 543/755/364 546/760/364
f 548/761/365 545/762/365 546/763/365
f 550/764/366 547/765/366 548/766/366
f 552/767/367 549/768/367 550/764/367
f 554/769/368 551/770/368 552/767/368
f 555/756/369 553/771/369 554/769/369
f 545/762/370 97/772/370 542/773/370
f 544/774/371 97/772/371 98/775/371
f 447/776/372 546/760/372 543/755/372
f 448/777/373 543/755/373 544/754/373
f 547/778/374 102/779/374 545/762/374
f 450/780/375 548/781/375 546/760/375
f 549/782/376 103/783/376 547/778/376
f 548/766/377 452/784/377 550/764/377
f 551/785/378 104/786/378 549/782/378
f 550/764/379 453/787/379 552/767/379
f 553/788/380 105/789/380 551/785/380
f 552/767/381 454/790/381 554/769/381
f 556/791/382 106/792/382 553/788/382
f 454/790/383 555/756/383 554/769/383
f 108/793/384 107/794/384 556/795/384
f 455/796/385 108/627/385 557/757/385
f 383/797/6 568/798/6 567/799/6
f 383/800/386 558/801/386 56/802/386
f 56/803/387 562/804/387 52/805/387
f 562/804/6 55/806/6 52/805/6
f 559/43/388 54/67/388 53/36/388
f 560/44/6 53/36/6 55/806/6
f 603/807/389 575/99/389 576/808/389
f 604/809/6 577/810/6 571/811/6
f 577/810/6 602/812/6 603/807/6
f 573/813/390 571/811/390 570/814/390
f 581/815/391 582/816/391 583/817/391
f 587/818/392 605/819/392 606/820/392
f 589/821/393 606/820/393 607/822/393
f 584/823/394 581/824/394 605/819/394
f 580/825/395 589/821/395 607/822/395
f 70/54/396 579/826/396 69/52/396
f 579/826/397 570/827/397 569/828/397
f 579/826/398 66/48/398 69/52/398
f 70/829/399 589/821/399 580/825/399
f 67/830/400 580/831/400 70/832/400
f 84/830/401 580/831/401 573/833/401
f 604/809/402 580/825/402 607/822/402
f 79/834/403 584/835/403 89/836/403
f 582/837/404 587/838/404 94/839/404
f 79/840/405 581/824/405 582/841/405
f 575/99/406 605/819/406 581/824/406
f 574/842/407 611/843/407 585/844/407
f 94/845/408 584/835/408 587/846/408
f 117/847/409 587/818/409 589/821/409
f 578/848/410 609/849/410 574/842/410
f 596/850/411 598/851/411 597/852/411
f 600/853/411 597/852/411 601/854/411
f 599/855/412 595/856/412 598/851/412
f 592/857/411 601/854/411 593/858/411
f 593/858/413 591/859/413 592/857/413
f 590/860/414 561/861/414 559/862/414
f 569/828/415 590/863/415 559/43/415
f 569/828/416 592/857/416 591/859/416
f 593/858/417 566/101/417 561/65/417
f 570/827/418 600/853/418 592/857/418
f 565/864/419 595/865/419 563/866/419
f 595/856/420 576/867/420 92/868/420
f 603/869/421 594/870/421 599/855/421
f 597/852/417 565/98/417 564/107/417
f 571/871/422 596/850/422 600/853/422
f 577/872/422 599/855/422 596/850/422
f 601/854/417 564/107/417 566/101/417
f 574/842/423 602/812/423 578/848/423
f 572/873/424 602/812/424 604/809/424
f 585/844/425 606/820/425 605/819/425
f 588/874/426 606/820/426 586/875/426
f 572/873/427 607/822/427 588/874/427
f 585/844/428 603/807/428 574/842/428
f 609/849/429 612/876/429 611/843/429
f 610/877/430 613/878/430 612/876/430
f 586/875/431 613/878/431 588/874/431
f 578/848/432 608/879/432 610/877/432
f 588/874/433 608/879/433 572/873/433
f 586/875/434 611/843/434 612/876/434
f 654/880/435 720/881/435 653/882/435
f 707/883/436 639/884/436 640/885/436
f 747/886/437 678/887/437 679/888/437
f 691/889/438 758/890/438 690/891/438
f 708/892/439 640/885/439 641/893/439
f 630/894/440 721/895/440 654/896/440
f 642/897/441 708/892/441 641/893/441
f 663/898/442 655/899/442 629/900/442
f 710/901/443 642/902/443 643/903/443
f 656/904/444 664/905/444 630/906/444
f 644/907/445 710/901/445 643/903/445
f 631/908/446 663/909/446 629/910/446
f 725/911/447 656/904/447 657/912/447
f 712/913/448 644/907/448 645/914/448
f 699/915/449 631/916/449 632/917/449
f 658/918/450 725/911/450 657/912/450
f 646/919/451 712/913/451 645/914/451
f 700/920/452 632/917/452 633/921/452
f 727/922/453 658/918/453 659/923/453
f 714/924/454 646/919/454 647/925/454
f 634/926/455 700/920/455 633/921/455
f 728/927/456 659/928/456 660/929/456
f 715/930/457 647/925/457 648/931/457
f 702/932/458 634/933/458 635/934/458
f 661/935/459 728/927/459 660/929/459
f 649/936/460 715/930/460 648/931/460
f 636/937/461 702/932/461 635/934/461
f 662/938/462 729/939/462 661/935/462
f 650/940/463 716/941/463 649/936/463
f 704/942/464 636/937/464 637/943/464
f 655/899/465 730/944/465 662/938/465
f 651/945/466 717/946/466 650/947/466
f 705/948/467 637/943/467 638/949/467
f 719/950/468 651/945/468 652/951/468
f 639/884/469 705/948/469 638/949/469
f 653/882/470 719/950/470 652/951/470
f 663/952/471 665/953/471 697/954/471
f 665/953/472 699/955/472 666/956/472
f 699/955/473 667/957/473 666/956/473
f 667/957/474 701/958/474 668/959/474
f 701/958/475 669/960/475 668/959/475
f 669/960/476 703/961/476 670/962/476
f 703/961/477 671/963/477 670/962/477
f 704/964/478 672/965/478 671/963/478
f 672/965/479 706/966/479 673/967/479
f 706/966/480 674/968/480 673/967/480
f 707/969/481 675/970/481 674/968/481
f 675/970/482 709/971/482 676/972/482
f 709/971/483 677/973/483 676/972/483
f 677/973/484 711/974/484 678/975/484
f 711/974/485 679/976/485 678/975/485
f 679/976/486 713/977/486 680/978/486
f 713/977/487 681/979/487 680/978/487
f 681/979/488 715/980/488 682/981/488
f 682/981/489 716/982/489 683/983/489
f 716/982/490 684/984/490 683/983/490
f 684/984/491 718/985/491 685/986/491
f 718/985/492 686/987/492 685/986/492
f 686/987/493 720/988/493 687/989/493
f 687/989/494 721/990/494 688/991/494
f 688/991/495 664/992/495 722/993/495
f 689/994/496 663/952/496 697/954/496
f 722/993/497 724/995/497 690/996/497
f 690/996/498 725/997/498 691/998/498
f 691/998/499 726/999/499 692/1000/499
f 726/999/500 693/1001/500 692/1000/500
f 693/1001/501 728/1002/501 694/1003/501
f 694/1003/502 729/1004/502 695/1005/502
f 729/1004/503 696/1006/503 695/1005/503
f 730/1007/504 689/994/504 696/1006/504
f 734/1008/6 742/1009/6 750/1010/6
f 759/1011/6 763/1012/6 757/1013/6
f 666/1014/505 733/1015/505 665/1016/505
f 692/1017/506 759/1018/506 691/889/506
f 680/1019/507 747/886/507 679/888/507
f 735/1020/508 666/1014/508 667/1021/508
f 761/1022/509 692/1017/509 693/1023/509
f 749/1024/510 680/1019/510 681/1025/510
f 668/1026/511 735/1020/511 667/1021/511
f 694/1027/512 761/1028/512 693/1029/512
f 682/1030/513 749/1024/513 681/1025/513
f 737/1031/514 668/1032/514 669/1033/514
f 763/1034/515 694/1027/515 695/1035/515
f 683/1036/516 750/1037/516 682/1030/516
f 670/1038/517 737/1031/517 669/1033/517
f 764/1039/518 695/1035/518 696/1040/518
f 752/1041/519 683/1036/519 684/1042/519
f 739/1043/520 670/1038/520 671/1044/520
f 757/1045/521 696/1040/521 689/1046/521
f 685/1047/522 752/1048/522 684/1049/522
f 740/1050/523 671/1044/523 672/1051/523
f 754/1052/524 685/1047/524 686/1053/524
f 673/1054/525 740/1050/525 672/1051/525
f 755/1055/526 686/1053/526 687/1056/526
f 742/1057/527 673/1054/527 674/1058/527
f 756/1059/528 687/1056/528 688/1060/528
f 743/1061/529 674/1058/529 675/1062/529
f 722/1063/530 756/1059/530 688/1060/530
f 676/1064/531 743/1061/531 675/1062/531
f 697/1065/532 757/1066/532 689/1067/532
f 745/1068/533 676/1069/533 677/1070/533
f 690/1071/534 732/1072/534 722/1073/534
f 678/887/535 745/1068/535 677/1070/535
f 733/1015/536 697/1074/536 665/1016/536
f 800/1075/537 775/1076/537 799/1077/537
f 772/1078/538 797/1079/538 798/1080/538
f 796/1081/539 776/1082/539 800/1075/539
f 448/1083/27 780/1084/27 447/1085/27
f 773/1086/540 798/1080/540 795/1087/540
f 794/1088/541 777/1089/541 796/1090/541
f 447/1085/6 783/1091/6 450/1092/6
f 804/1093/542 779/1094/542 778/1095/542
f 450/1096/6 784/1097/6 451/1098/6
f 774/1099/543 795/1100/543 792/1101/543
f 99/1102/544 781/1103/544 766/1104/544
f 791/1105/545 768/1106/545 790/1107/545
f 765/1108/546 788/1109/546 789/1110/546
f 802/1111/547 769/1112/547 791/1113/547
f 775/1076/548 792/1101/548 799/1077/548
f 449/1114/27 781/1083/27 448/1083/27
f 767/1115/549 806/1116/549 788/1109/549
f 771/1117/550 802/1111/550 797/1079/550
f 787/1118/551 97/1119/551 102/1120/551
f 97/1119/552 786/1121/552 98/1122/552
f 789/1110/553 101/111/553 98/110/553
f 103/1123/554 790/1107/554 102/1124/554
f 104/1125/555 791/1113/555 103/1126/555
f 799/1077/556 109/1127/556 110/1128/556
f 788/1109/557 119/1129/557 101/111/557
f 105/1130/558 802/1111/558 104/1125/558
f 792/1101/559 107/794/559 109/1127/559
f 119/1129/560 794/1088/560 113/1131/560
f 113/1131/561 796/1090/561 112/1132/561
f 795/1087/562 106/1133/562 107/1134/562
f 112/1135/563 800/1075/563 111/1136/563
f 106/1133/564 797/1079/564 105/1130/564
f 111/1136/565 799/1077/565 110/1128/565
f 809/1137/566 806/1138/566 803/1139/566
f 814/1140/567 804/1141/567 808/1142/567
f 793/1143/568 808/1144/568 794/1145/568
f 808/1146/569 778/1147/569 794/1088/569
f 779/1094/570 803/1148/570 767/1149/570
f 806/1150/571 793/1143/571 788/1151/571
f 820/1152/572 810/1153/572 814/1140/572
f 813/1154/573 820/1155/573 814/1156/573
f 810/1157/574 805/1158/574 804/1093/574
f 806/1150/575 813/1154/575 807/1159/575
f 811/1160/576 803/1148/576 805/1158/576
f 807/1159/577 814/1156/577 808/1144/577
f 823/1161/578 815/1162/578 817/1163/578
f 818/1164/579 825/1165/579 819/1166/579
f 815/1167/580 812/1168/580 809/1137/580
f 816/1169/581 811/1160/581 810/1157/581
f 812/1170/582 819/1166/582 813/1154/582
f 817/1163/583 809/1171/583 811/1160/583
f 832/1172/584 822/1173/584 826/1174/584
f 825/1165/585 832/1175/585 826/1176/585
f 819/1166/586 826/1176/586 820/1155/586
f 826/1174/587 816/1177/587 820/1152/587
f 821/1178/588 818/1179/588 815/1167/588
f 822/1180/589 817/1163/589 816/1169/589
f 835/1181/590 827/1182/590 829/1183/590
f 830/1184/591 837/1185/591 831/1186/591
f 827/1187/592 824/1188/592 821/1178/592
f 828/1189/593 823/1161/593 822/1180/593
f 824/1190/594 831/1186/594 825/1165/594
f 829/1183/595 821/1191/595 823/1161/595
f 844/1192/596 834/1193/596 838/1194/596
f 837/1185/597 844/1195/597 838/1196/597
f 831/1186/598 838/1196/598 832/1175/598
f 838/1194/599 828/1197/599 832/1198/599
f 833/1199/600 830/1200/600 827/1201/600
f 834/1202/601 829/1183/601 828/1189/601
f 841/1203/602 844/1192/602 843/1204/602
f 842/1205/603 841/1203/603 843/1204/603
f 839/1206/604 836/1207/604 833/1199/604
f 840/1208/605 835/1181/605 834/1202/605
f 836/1209/606 843/1210/606 837/1185/606
f 841/1211/607 833/1212/607 835/1181/607
f 863/1213/608 846/1214/608 847/1215/608
f 864/1216/609 845/1217/609 848/1218/609
f 868/1219/610 852/1220/610 851/1221/610
f 865/1222/611 851/1223/611 849/1224/611
f 853/1225/610 44/1226/610 46/1227/610
f 854/1228/612 46/1227/612 43/1229/612
f 860/1230/608 55/1231/608 53/1232/608
f 858/1233/613 52/1234/613 55/1231/613
f 853/1235/6 845/1236/6 847/1237/6
f 846/1238/6 853/1235/6 847/1237/6
f 856/1239/6 846/1238/6 849/1240/6
f 845/1236/6 857/1241/6 848/1242/6
f 850/1243/6 858/1244/6 852/1245/6
f 858/1244/6 851/1246/6 852/1245/6
f 857/1241/6 850/1243/6 848/1242/6
f 851/1246/6 856/1239/6 849/1240/6
f 866/1247/6 862/1248/6 863/1249/6
f 864/1250/6 863/1249/6 861/1251/6
f 869/1252/6 865/1253/6 866/1247/6
f 867/1254/6 866/1247/6 864/1250/6
f 867/1255/614 848/1218/614 850/1256/614
f 869/1257/615 850/1258/615 852/1220/615
f 862/1259/616 849/1224/616 846/1260/616
f 861/1261/617 847/1215/617 845/1262/617
f 879/1263/6 895/1264/6 896/1265/6
f 881/1266/6 880/73/6 879/1263/6
f 883/1267/618 882/1268/618 881/1266/618
f 871/1269/619 879/1263/619 870/1270/619
f 876/1271/620 887/1272/620 886/1273/620
f 889/1274/621 878/1275/621 885/1276/621
f 888/1277/622 877/1278/622 878/1275/622
f 870/1270/623 896/1265/623 894/1279/623
f 873/1280/624 887/1272/624 888/1277/624
f 872/1281/625 888/1277/625 889/1274/625
f 886/1273/626 874/1282/626 875/1283/626
f 881/1266/627 885/1276/627 883/1267/627
f 889/1274/628 871/1269/628 872/1281/628
f 61/493/629 873/1284/629 60/55/629
f 68/42/630 882/1268/630 71/45/630
f 61/1285/631 890/1286/631 345/1287/631
f 875/1288/632 61/493/632 62/499/632
f 876/1289/633 87/1290/633 63/1291/633
f 75/93/634 891/1292/634 353/529/634
f 885/1293/635 65/86/635 76/1294/635
f 877/1295/636 63/505/636 64/509/636
f 246/624/637 463/626/637 477/1296/637
f 778/1147/638 899/1297/638 777/1089/638
f 777/1298/639 898/1299/639 776/1082/639
f 775/1076/640 898/1299/640 897/1300/640
f 774/1099/641 903/1301/641 902/1302/641
f 773/1303/27 902/1302/27 901/1303/27
f 789/1110/642 786/1121/642 765/1108/642
f 779/1094/643 905/1304/643 907/1305/643
f 779/1094/644 906/1306/644 778/1095/644
f 767/1115/645 904/1108/645 905/1307/645
f 102/1120/646 768/1308/646 787/1118/646
f 338/466/647 379/468/647 275/313/647
f 86/656/648 181/655/648 85/187/648
f 911/1/649 913/2/649 915/7/649
f 909/3/650 914/4/650 913/2/650
f 908/6/651 915/7/651 912/711/651
f 935/9/652 941/8/652 937/10/652
f 936/12/653 939/11/653 935/9/653
f 939/11/27 945/13/27 941/8/27
f 941/8/27 942/14/27 938/15/27
f 940/17/27 943/16/27 939/11/27
f 943/16/27 949/18/27 945/13/27
f 945/13/27 946/19/27 942/14/27
f 944/21/27 947/20/27 943/16/27
f 947/20/27 953/22/27 949/18/27
f 946/19/27 953/22/27 950/1309/27
f 948/24/27 951/23/27 947/20/27
f 952/26/27 956/25/27 951/23/27
f 955/28/7 1584/27/7 959/29/7
f 960/31/8 1581/30/8 956/32/8
f 955/34/654 954/33/654 950/35/654
f 957/37/27 960/36/27 956/25/27
f 956/32/10 1580/38/10 951/39/10
f 950/41/11 1582/40/11 955/28/11
f 1305/43/655 975/42/655 1306/44/655
f 978/45/656 1609/46/656 1607/1268/656
f 973/48/657 978/45/657 975/42/657
f 1308/49/658 1616/50/658 1617/81/658
f 976/52/659 982/47/659 978/45/659
f 977/54/660 980/53/660 976/52/660
f 967/55/661 1597/56/661 1598/1284/661
f 966/57/662 1596/58/662 1597/56/662
f 1001/60/663 987/61/663 985/124/663
f 1020/64/664 1025/63/664 957/37/664
f 1307/65/665 1023/66/665 1312/101/665
f 987/61/666 986/62/666 988/68/666
f 988/68/667 989/69/667 990/122/667
f 999/70/668 993/71/668 997/94/668
f 1306/44/669 1605/73/669 1616/1264/669
f 969/78/670 1611/77/670 994/79/670
f 1304/80/671 1617/81/671 1615/1310/671
f 965/59/672 1595/82/672 1596/58/672
f 971/85/673 1603/84/673 972/86/673
f 983/88/674 1608/87/674 979/89/674
f 964/83/675 1615/90/675 1595/82/675
f 979/89/676 1609/92/676 982/93/676
f 989/95/677 997/94/677 993/71/677
f 995/97/678 1309/96/678 1311/98/678
f 1319/99/679 999/70/679 997/94/679
f 1002/100/27 1023/66/27 1025/63/27
f 1312/101/680 1000/102/680 1310/107/680
f 1003/103/681 1000/102/681 1002/100/681
f 974/104/27 1317/105/27 991/104/27
f 1310/107/680 995/97/680 1311/98/680
f 1002/100/682 1007/108/682 1003/103/682
f 1007/109/683 1005/110/683 1006/1311/683
f 1015/114/684 1402/112/684 1403/1312/684
f 936/12/685 1384/116/685 1385/115/685
f 936/12/686 944/21/686 940/17/686
f 948/24/687 1017/117/687 1018/118/687
f 952/26/688 1018/118/688 1019/119/688
f 957/37/689 1019/119/689 1020/64/689
f 1026/120/690 1002/100/690 1025/63/690
f 990/122/691 1021/121/691 988/68/691
f 1025/63/27 961/67/27 957/37/27
f 985/124/692 1024/123/692 1001/60/692
f 1024/123/693 981/125/693 977/54/693
f 958/126/694 959/127/694 963/1313/694
f 1093/129/695 1028/128/695 1092/130/695
f 1094/132/696 1030/131/696 1093/129/696
f 1095/134/697 1032/133/697 1094/132/697
f 1095/134/698 1036/135/698 1034/1314/698
f 1097/138/699 1036/137/699 1096/139/699
f 1097/138/700 1040/140/700 1038/1315/700
f 1098/141/701 1042/142/701 1040/140/701
f 1101/145/702 1044/144/702 1100/146/702
f 1101/145/703 1048/147/703 1046/1316/703
f 1103/149/704 1048/147/704 1102/148/704
f 1104/151/705 1050/150/705 1103/152/705
f 1104/151/706 1054/153/706 1052/1317/706
f 1106/155/707 1054/153/707 1105/154/707
f 1106/155/708 1028/128/708 1056/1318/708
f 1123/157/709 1058/156/709 1122/158/709
f 1124/160/710 1060/159/710 1123/157/710
f 1124/160/711 1064/161/711 1062/1319/711
f 1125/162/712 1066/163/712 1064/161/712
f 1127/167/713 1066/1320/713 1126/165/713
f 1128/168/714 1068/166/714 1127/167/714
f 1128/168/715 1071/169/715 1070/1321/715
f 426/171/716 1074/172/716 1072/597/716
f 1131/174/717 1074/172/717 1130/173/717
f 1132/176/718 1076/175/718 1131/174/718
f 1132/177/719 1080/178/719 1078/1322/719
f 1134/180/720 1080/178/720 1133/179/720
f 1134/180/721 1084/183/721 1082/181/721
f 1122/158/722 1084/183/722 1135/182/722
f 1069/184/723 238/185/723 164/1323/723
f 1309/96/724 1085/188/724 992/187/724
f 1087/189/725 1088/191/725 1089/190/725
f 1091/192/726 1088/191/726 1087/189/726
f 998/193/727 1088/194/727 1090/1324/727
f 1089/195/728 995/97/728 1003/103/728
f 1093/197/729 1027/196/729 1029/198/729
f 1031/199/730 1093/200/730 1029/1325/730
f 1095/203/731 1031/199/731 1033/202/731
f 1096/205/732 1033/202/732 1035/204/732
f 1037/206/733 1096/205/733 1035/204/733
f 1039/208/734 1097/207/734 1037/206/734
f 1099/211/735 1039/210/735 1041/212/735
f 1101/214/736 1043/213/736 1045/215/736
f 1102/217/737 1045/216/737 1047/218/737
f 1049/219/738 1102/217/738 1047/218/738
f 1104/222/739 1049/219/739 1051/221/739
f 1053/223/740 1104/222/740 1051/221/740
f 1055/225/741 1105/224/741 1053/223/741
f 1092/228/742 1055/251/742 1027/196/742
f 1043/213/743 1116/229/743 1045/215/743
f 1116/229/744 1047/231/744 1045/215/744
f 1027/196/745 1108/232/745 1029/198/745
f 1117/235/746 1049/234/746 1047/231/746
f 1108/232/747 1031/241/747 1029/198/747
f 1118/238/748 1051/237/748 1049/239/748
f 1031/241/749 1110/245/749 1033/240/749
f 1051/237/750 1120/242/750 1053/246/750
f 1110/245/751 1035/244/751 1033/240/751
f 1053/246/752 1121/247/752 1055/251/752
f 1035/248/753 1112/249/753 1037/252/753
f 1121/247/754 1027/196/754 1055/251/754
f 1112/249/755 1039/210/755 1037/252/755
f 1039/210/756 1114/254/756 1041/212/756
f 1059/255/757 1122/256/757 1057/283/757
f 1061/258/758 1123/257/758 1059/255/758
f 1063/260/759 1124/259/759 1061/258/759
f 1065/263/760 1125/261/760 1063/260/760
f 1067/264/761 1126/262/761 1065/263/761
f 1128/266/762 1067/264/762 1069/267/762
f 1129/268/763 1069/267/763 164/269/763
f 1130/271/764 166/270/764 1073/272/764
f 1131/273/765 1073/272/765 1075/274/765
f 1132/275/766 1075/274/766 1077/276/766
f 1079/277/767 1132/275/767 1077/276/767
f 1081/279/768 1133/278/768 1079/277/768
f 1083/281/769 1134/280/769 1081/279/769
f 1057/283/770 1135/282/770 1083/281/770
f 239/285/771 1073/284/771 166/286/771
f 1143/288/772 1075/287/772 1073/284/772
f 1057/291/773 1137/295/773 1059/289/773
f 1075/287/774 1145/292/774 1077/1326/774
f 1137/295/775 1061/294/775 1059/289/775
f 1077/296/776 1146/297/776 1079/302/776
f 1138/300/777 1063/299/777 1061/294/777
f 1146/297/778 1081/301/778 1079/302/778
f 1063/299/779 1140/303/779 1065/1327/779
f 1147/306/780 1083/305/780 1081/301/780
f 1140/308/781 1067/307/781 1065/309/781
f 1148/310/782 1057/291/782 1083/305/782
f 1067/307/783 1142/186/783 1069/184/783
f 1177/312/784 954/314/784 1178/313/784
f 1150/316/785 1151/315/785 1149/317/785
f 1151/315/786 1154/318/786 1153/320/786
f 1153/320/787 1156/321/787 1155/322/787
f 1155/322/788 1158/323/788 1157/325/788
f 1158/323/789 1159/324/789 1157/325/789
f 1160/327/790 1161/326/790 1159/324/790
f 1162/329/791 1163/328/791 1161/326/791
f 1164/331/792 1165/330/792 1163/328/792
f 1166/333/793 1167/332/793 1165/330/793
f 1168/335/794 1169/334/794 1167/332/794
f 1170/337/795 1171/336/795 1169/338/795
f 1172/340/796 1173/339/796 1171/336/796
f 1174/342/797 1175/341/797 1173/343/797
f 1175/344/798 1177/312/798 1178/313/798
f 912/346/799 1150/316/799 908/347/799
f 916/348/800 1152/319/800 912/346/800
f 918/349/801 1154/318/801 916/348/801
f 920/350/802 1156/321/802 918/349/802
f 920/350/803 1160/327/803 1158/323/803
f 922/351/804 1162/329/804 1160/327/804
f 924/352/805 1164/331/805 1162/329/805
f 926/353/806 1166/333/806 1164/331/806
f 928/354/807 1168/335/807 1166/333/807
f 930/355/808 1170/356/808 1168/335/808
f 938/358/809 1176/359/809 1174/342/809
f 942/360/810 1177/361/810 1176/359/810
f 950/35/811 1177/361/811 946/362/811
f 1197/363/812 1198/365/812 933/364/812
f 1181/367/813 1180/366/813 1179/368/813
f 1183/370/814 1182/369/814 1181/367/814
f 1183/370/815 1186/371/815 1184/1328/815
f 1185/372/816 1188/373/816 1186/371/816
f 1187/374/817 1190/375/817 1188/373/817
f 1189/376/818 1192/377/818 1190/375/818
f 1191/378/819 1194/379/819 1192/377/819
f 1193/380/820 1196/381/820 1194/379/820
f 1195/382/821 1197/383/821 1196/381/821
f 910/5/822 1182/385/822 914/4/822
f 1182/385/823 917/387/823 914/4/823
f 917/387/824 1186/388/824 919/391/824
f 1186/388/825 921/390/825 919/391/825
f 1188/393/826 923/392/826 921/390/826
f 1190/395/827 925/394/827 923/392/827
f 1192/397/828 927/396/828 925/394/828
f 1194/399/829 929/398/829 927/396/829
f 1196/401/830 931/400/830 929/398/830
f 1197/403/831 934/402/831 931/400/831
f 1200/404/27 1201/405/27 1202/408/27
f 1201/405/27 1204/407/27 1202/408/27
f 1203/410/27 1206/409/27 1204/407/27
f 1205/412/27 1208/411/27 1206/409/27
f 1207/414/27 1210/413/27 1208/411/27
f 1209/416/27 1212/415/27 1210/413/27
f 1211/418/27 1214/417/27 1212/415/27
f 1213/420/27 1216/419/27 1214/417/27
f 1217/421/832 1219/422/832 1220/1329/832
f 1218/425/833 1221/424/833 1222/426/833
f 1222/428/834 1226/427/834 1227/429/834
f 1223/430/835 1226/427/835 1224/434/835
f 1217/432/836 1172/1330/836 1170/356/836
f 938/358/837 1172/1330/837 1220/431/837
f 937/10/838 1222/428/838 1227/429/838
f 1218/423/839 941/8/839 938/15/839
f 937/10/840 1223/430/840 935/9/840
f 935/9/841 1225/433/841 936/12/841
f 1216/419/842 1224/434/842 1226/427/842
f 1155/436/843 326/437/843 1153/455/843
f 332/440/844 1163/439/844 1165/441/844
f 337/442/845 1173/339/845 1175/344/845
f 325/444/846 1149/443/846 1151/445/846
f 330/447/847 1159/446/847 1161/448/847
f 335/449/848 1169/338/848 1171/336/848
f 1157/450/849 327/438/849 1155/436/849
f 333/452/850 1165/441/850 1167/453/850
f 338/454/851 1175/344/851 1178/313/851
f 1153/455/852 325/444/852 1151/445/852
f 331/456/853 1161/448/853 1163/439/853
f 336/457/854 1171/336/854 1173/339/854
f 329/458/855 1157/450/855 1159/446/855
f 334/459/856 1167/453/856 1169/338/856
f 963/463/857 340/464/857 958/497/857
f 984/470/858 352/469/858 981/471/858
f 1304/91/859 341/472/859 567/1331/859
f 964/83/860 342/476/860 341/472/860
f 965/59/861 343/479/861 342/476/861
f 985/483/862 355/482/862 984/470/862
f 966/57/863 344/484/863 343/479/863
f 983/88/864 349/487/864 972/488/864
f 1099/143/865 363/489/865 1042/142/865
f 365/491/866 1041/212/866 1114/254/866
f 967/55/867 345/492/867 344/484/867
f 979/89/868 354/496/868 983/88/868
f 958/497/869 339/498/869 954/314/869
f 969/499/870 345/492/870 968/493/870
f 969/78/871 359/502/871 346/1332/871
f 985/483/872 357/503/872 356/1333/872
f 970/505/873 359/502/873 994/79/873
f 970/505/874 348/508/874 347/1334/874
f 1041/212/875 364/512/875 1099/211/875
f 972/488/876 348/508/876 971/509/876
f 987/504/877 358/516/877 357/503/877
f 1021/518/878 361/519/878 360/1335/878
f 982/93/879 350/523/879 979/89/879
f 981/471/880 351/526/880 980/527/880
f 1021/518/881 358/516/881 988/517/881
f 980/527/882 353/529/882 982/93/882
f 443/587/883 1022/586/883 990/588/883
f 339/498/884 1178/313/884 954/314/884
f 1072/597/885 426/171/885 423/598/885
f 1044/144/886 424/599/886 1100/146/886
f 1043/213/887 430/601/887 1115/230/887
f 424/603/888 429/604/888 1100/1336/888
f 1100/606/889 428/602/889 1043/213/889
f 1115/230/27 434/610/27 425/610/27
f 1091/192/890 459/614/890 462/617/890
f 1193/380/891 473/615/891 474/632/891
f 1090/616/892 462/617/892 461/631/892
f 990/588/893 442/618/893 443/587/893
f 1185/372/894 469/620/894 470/636/894
f 1003/621/895 449/622/895 446/635/895
f 1149/624/896 464/625/896 1150/633/896
f 1015/627/897 441/628/897 456/1337/897
f 998/630/898 461/631/898 445/644/898
f 1195/382/899 474/632/899 475/1338/899
f 1150/633/900 437/634/900 908/1339/900
f 1089/190/901 446/635/901 460/649/901
f 1187/374/902 470/636/902 471/643/902
f 1198/384/903 441/637/903 933/638/903
f 1195/382/904 476/639/904 1198/384/904
f 1085/641/905 458/640/905 1086/642/905
f 1189/376/906 471/643/906 472/650/906
f 1085/641/907 445/644/907 457/1340/907
f 1179/368/908 468/645/908 1181/367/908
f 444/647/909 989/646/909 993/648/909
f 1087/189/910 460/649/910 459/614/910
f 1191/378/911 472/650/911 473/615/911
f 1181/367/912 469/620/912 1183/370/912
f 1006/652/913 449/651/913 1007/653/913
f 444/654/914 1086/655/914 458/1341/914
f 164/660/915 480/661/915 1129/1342/915
f 1129/170/916 479/662/916 1071/169/916
f 426/664/917 1072/666/917 482/665/917
f 1269/667/918 1270/669/918 1271/668/918
f 1229/671/919 1235/670/919 1236/672/919
f 1233/673/920 1232/674/920 1234/677/920
f 1231/675/921 1235/670/921 1232/674/921
f 1239/676/922 1233/673/922 1234/677/922
f 1238/678/923 1229/671/923 1237/683/923
f 1243/681/924 1240/680/924 1239/676/924
f 1242/682/925 1237/683/925 1241/716/925
f 1243/681/926 1248/684/926 1244/714/926
f 1242/682/927 1245/686/927 1246/687/927
f 1247/685/928 1252/688/928 1248/684/928
f 1250/690/929 1245/686/929 1249/694/929
f 1251/689/930 1256/691/930 1252/688/930
f 1254/693/931 1249/694/931 1253/698/931
f 1255/692/932 1260/695/932 1256/691/932
f 1258/697/933 1253/698/933 1257/702/933
f 1259/696/934 1264/699/934 1260/695/934
f 1262/701/935 1257/702/935 1261/706/935
f 1263/700/936 1268/703/936 1264/699/936
f 1266/705/937 1261/706/937 1265/707/937
f 1269/667/938 1265/707/938 1270/669/938
f 1273/708/939 1267/704/939 1272/710/939
f 1275/709/940 1273/708/940 1272/710/940
f 915/7/941 1230/679/941 912/711/941
f 1229/671/942 1200/404/942 1237/683/942
f 912/711/943 1238/678/943 916/712/943
f 913/2/944 1234/677/944 1232/674/944
f 1233/673/945 1199/406/945 1231/675/945
f 915/7/946 1232/674/946 1235/670/946
f 1236/672/947 1199/406/947 1200/404/947
f 917/387/948 1234/677/948 914/4/948
f 916/712/949 1242/682/949 918/713/949
f 1237/683/950 1202/408/950 1241/716/950
f 919/391/951 1239/676/951 917/387/951
f 1199/406/952 1244/714/952 1201/405/952
f 918/713/953 1246/687/953 920/715/953
f 1241/716/954 1204/407/954 1245/686/954
f 919/391/955 1247/685/955 1243/681/955
f 1244/714/956 1203/410/956 1201/405/956
f 922/717/957 1246/687/957 1250/690/957
f 1204/407/958 1249/694/958 1245/686/958
f 921/390/959 1251/689/959 1247/685/959
f 1248/684/960 1205/412/960 1203/410/960
f 924/718/961 1250/690/961 1254/693/961
f 1206/409/962 1253/698/962 1249/694/962
f 923/392/963 1255/692/963 1251/689/963
f 1252/688/964 1207/414/964 1205/412/964
f 926/719/965 1254/693/965 1258/697/965
f 1208/411/966 1257/702/966 1253/698/966
f 925/394/967 1259/696/967 1255/692/967
f 1256/691/968 1209/416/968 1207/414/968
f 928/720/969 1258/697/969 1262/701/969
f 1210/413/970 1261/706/970 1257/702/970
f 927/396/971 1263/700/971 1259/696/971
f 1260/695/972 1211/418/972 1209/416/972
f 930/721/973 1262/701/973 1266/705/973
f 1212/415/974 1265/707/974 1261/706/974
f 929/398/975 1267/704/975 1263/700/975
f 1264/699/976 1213/420/976 1211/418/976
f 932/722/977 1266/705/977 1269/667/977
f 1214/417/978 1270/669/978 1265/707/978
f 1268/703/979 1215/435/979 1213/420/979
f 931/400/980 1272/710/980 1267/704/980
f 932/725/981 1271/1343/981 1221/723/981
f 1270/669/982 1226/427/982 1221/726/982
f 936/12/983 1275/709/983 1272/710/983
f 1215/435/984 1274/727/984 1224/434/984
f 1223/430/985 1274/727/985 1275/709/985
f 1283/728/986 1279/729/986 1282/734/986
f 1278/730/987 1281/731/987 1279/729/987
f 1276/733/988 1282/734/988 1277/1344/988
f 1287/735/989 1284/736/989 1286/738/989
f 1286/738/990 1280/732/990 1287/735/990
f 1277/741/991 437/1345/991 436/739/991
f 1277/742/992 911/1/992 908/6/992
f 1276/733/993 440/744/993 1283/728/993
f 1278/730/994 440/744/994 438/1346/994
f 1282/743/995 909/3/995 911/1/995
f 1279/745/996 910/5/996 909/3/996
f 1278/730/997 439/747/997 1280/732/997
f 1281/746/998 1180/386/998 910/5/998
f 1287/735/999 439/747/999 466/749/999
f 1285/737/1000 466/749/1000 465/1347/1000
f 1284/750/1001 1180/366/1001 1286/1348/1001
f 1284/750/1002 465/1349/1002 467/751/1002
f 1288/753/1003 1289/755/1003 1290/754/1003
f 1301/756/1004 1302/758/1004 1303/757/1004
f 1289/755/1005 1291/759/1005 1292/760/1005
f 1294/761/1006 1291/762/1006 1293/778/1006
f 1296/764/1007 1293/765/1007 1295/768/1007
f 1298/767/1008 1295/768/1008 1297/770/1008
f 1300/769/1009 1297/770/1009 1299/771/1009
f 1301/756/1010 1299/771/1010 1302/758/1010
f 1004/772/1011 1291/762/1011 1288/773/1011
f 1005/775/1012 1288/773/1012 1290/774/1012
f 1292/760/1013 447/776/1013 1289/755/1013
f 1290/754/1014 447/776/1014 448/777/1014
f 1009/779/1015 1293/778/1015 1291/762/1015
f 1294/781/1016 450/780/1016 1292/760/1016
f 1010/783/1017 1295/782/1017 1293/778/1017
f 1294/766/1018 452/784/1018 451/1350/1018
f 1011/786/1019 1297/785/1019 1295/782/1019
f 1296/764/1020 453/787/1020 452/784/1020
f 1012/789/1021 1299/788/1021 1297/785/1021
f 1298/767/1022 454/790/1022 453/787/1022
f 1013/792/1023 1302/791/1023 1299/788/1023
f 1301/756/1024 454/790/1024 1300/769/1024
f 1302/795/1025 1016/1127/1025 1015/793/1025
f 1303/757/1026 456/1337/1026 455/796/1026
f 1304/801/1027 383/800/1027 963/802/1027
f 963/803/1028 1308/804/1028 1304/1351/1028
f 962/806/27 1308/804/27 959/805/27
f 961/67/1029 1305/43/1029 960/36/1029
f 960/36/27 1306/44/27 962/806/27
f 1347/807/1030 1320/808/1030 1319/99/1030
f 1321/810/27 1348/809/27 1315/811/27
f 1321/810/27 1347/807/27 1346/812/27
f 1315/811/1031 1317/813/1031 1314/814/1031
f 1325/815/1032 1327/817/1032 1326/816/1032
f 1331/818/1033 1349/819/1033 1328/823/1033
f 1333/821/1034 1350/820/1034 1331/818/1034
f 1328/823/1035 1325/824/1035 1326/841/1035
f 1324/825/1036 1351/822/1036 1333/821/1036
f 977/54/1037 1323/826/1037 1324/1352/1037
f 1314/827/1038 1323/826/1038 1313/828/1038
f 973/48/1039 1323/826/1039 976/52/1039
f 977/829/1040 1333/821/1040 1024/847/1040
f 974/830/1041 1324/831/1041 1314/1353/1041
f 991/830/1042 1324/831/1042 977/832/1042
f 1348/809/1043 1324/825/1043 1317/813/1043
f 1328/835/1044 986/834/1044 996/836/1044
f 1001/839/1045 1327/1354/1045 1326/837/1045
f 986/840/1046 1326/841/1046 1325/824/1046
f 1319/99/1047 1349/819/1047 1347/807/1047
f 1355/843/1048 1318/842/1048 1329/844/1048
f 1001/845/1049 1328/835/1049 996/836/1049
f 1024/847/1050 1331/818/1050 1001/1355/1050
f 1353/849/1051 1322/848/1051 1318/842/1051
f 1342/851/1052 1340/850/1052 1341/852/1052
f 1341/852/1052 1344/853/1052 1345/854/1052
f 1339/856/1053 1343/855/1053 1342/851/1053
f 1345/854/1052 1336/857/1052 1337/858/1052
f 1335/859/1054 1337/858/1054 1336/857/1054
f 1307/861/1055 1334/860/1055 1305/862/1055
f 1305/43/1056 1335/859/1056 1313/828/1056
f 1336/857/1057 1313/828/1057 1335/859/1057
f 1312/101/1058 1337/858/1058 1307/65/1058
f 1314/827/1059 1344/853/1059 1315/871/1059
f 1311/864/1060 1339/865/1060 1342/1356/1060
f 999/868/1061 1338/870/1061 1339/856/1061
f 1347/869/1062 1338/870/1062 1320/867/1062
f 1311/98/1058 1341/852/1058 1310/107/1058
f 1315/871/1063 1340/850/1063 1321/872/1063
f 1321/872/1064 1343/855/1064 1347/869/1064
f 1310/107/1058 1345/854/1058 1312/101/1058
f 1346/812/1065 1318/842/1065 1322/848/1065
f 1316/873/1066 1346/812/1066 1322/848/1066
f 1329/844/1067 1350/820/1067 1330/875/1067
f 1350/820/1068 1332/874/1068 1330/875/1068
f 1351/822/1069 1316/873/1069 1332/874/1069
f 1347/807/1070 1329/844/1070 1318/842/1070
f 1353/849/1071 1356/876/1071 1354/877/1071
f 1354/877/1072 1357/878/1072 1352/879/1072
f 1357/878/1073 1330/875/1073 1332/874/1073
f 1322/848/1074 1352/879/1074 1316/873/1074
f 1352/879/1075 1332/874/1075 1316/873/1075
f 1330/875/1076 1355/843/1076 1329/844/1076
f 1396/880/1077 1462/881/1077 1463/1357/1077
f 1381/884/1078 1449/883/1078 1382/885/1078
f 1420/887/1079 1489/886/1079 1421/888/1079
f 1433/889/1080 1500/890/1080 1501/1018/1080
f 1382/885/1081 1450/892/1081 1383/893/1081
f 1372/894/1082 1463/895/1082 1406/1358/1082
f 1384/897/1083 1450/892/1083 1451/1359/1083
f 1397/899/1084 1405/898/1084 1371/900/1084
f 1384/902/1085 1452/901/1085 1385/903/1085
f 1398/904/1086 1406/905/1086 1466/1360/1086
f 1386/907/1087 1452/901/1087 1453/1361/1087
f 1373/908/1088 1405/909/1088 1440/1362/1088
f 1398/904/1089 1467/911/1089 1399/912/1089
f 1386/907/1090 1454/913/1090 1387/914/1090
f 1373/916/1091 1441/915/1091 1374/917/1091
f 1400/918/1092 1467/911/1092 1468/1363/1092
f 1388/919/1093 1454/913/1093 1455/1364/1093
f 1374/917/1094 1442/920/1094 1375/921/1094
f 1400/918/1095 1469/922/1095 1401/923/1095
f 1388/919/1096 1456/924/1096 1389/925/1096
f 1376/926/1097 1442/920/1097 1443/1365/1097
f 1401/928/1098 1470/927/1098 1402/929/1098
f 1389/925/1099 1457/930/1099 1390/931/1099
f 1376/933/1100 1444/932/1100 1377/934/1100
f 1403/935/1101 1470/927/1101 1471/939/1101
f 1391/936/1102 1457/930/1102 1458/941/1102
f 1378/937/1103 1444/932/1103 1445/1366/1103
f 1404/938/1104 1471/939/1104 1472/944/1104
f 1392/940/1105 1458/941/1105 1459/1367/1105
f 1378/937/1106 1446/942/1106 1379/943/1106
f 1397/899/1107 1472/944/1107 1465/1368/1107
f 1393/945/1108 1459/946/1108 1460/1369/1108
f 1379/943/1109 1447/948/1109 1380/949/1109
f 1393/945/1110 1461/950/1110 1394/951/1110
f 1381/884/1111 1447/948/1111 1448/1370/1111
f 1395/882/1112 1461/950/1112 1462/881/1112
f 1407/953/1113 1405/952/1113 1439/954/1113
f 1407/953/1114 1441/955/1114 1440/1371/1114
f 1409/957/1115 1441/955/1115 1408/956/1115
f 1409/957/1116 1443/958/1116 1442/1372/1116
f 1411/960/1117 1443/958/1117 1410/959/1117
f 1411/960/1118 1445/961/1118 1444/1373/1118
f 1413/963/1119 1445/961/1119 1412/962/1119
f 1414/965/1120 1446/964/1120 1413/963/1120
f 1414/965/1121 1448/966/1121 1447/1374/1121
f 1416/968/1122 1448/966/1122 1415/967/1122
f 1417/970/1123 1449/969/1123 1416/968/1123
f 1417/970/1124 1451/971/1124 1450/1375/1124
f 1419/973/1125 1451/971/1125 1418/972/1125
f 1419/973/1126 1453/974/1126 1452/1376/1126
f 1421/976/1127 1453/974/1127 1420/975/1127
f 1421/976/1128 1455/977/1128 1454/1377/1128
f 1423/979/1129 1455/977/1129 1422/978/1129
f 1423/979/1130 1457/980/1130 1456/1378/1130
f 1424/981/1131 1458/982/1131 1457/980/1131
f 1426/984/1132 1458/982/1132 1425/983/1132
f 1426/984/1133 1460/985/1133 1459/1379/1133
f 1428/987/1134 1460/985/1134 1427/986/1134
f 1428/987/1135 1462/988/1135 1461/1380/1135
f 1429/989/1136 1463/990/1136 1462/988/1136
f 1430/991/1137 1406/992/1137 1463/990/1137
f 1431/994/1138 1405/952/1138 1465/1381/1138
f 1464/993/1139 1466/995/1139 1406/992/1139
f 1432/996/1140 1467/997/1140 1466/995/1140
f 1433/998/1141 1468/999/1141 1467/997/1141
f 1435/1001/1142 1468/999/1142 1434/1000/1142
f 1435/1001/1143 1470/1002/1143 1469/1382/1143
f 1436/1003/1144 1471/1004/1144 1470/1002/1144
f 1438/1006/1145 1471/1004/1145 1437/1005/1145
f 1431/994/1146 1472/1007/1146 1438/1006/1146
f 1496/1383/27 1488/1384/27 1480/1385/27
f 1505/1012/1147 1501/1011/1147 1474/1386/1147
f 1408/1014/1148 1475/1015/1148 1476/1387/1148
f 1434/1017/1149 1501/1018/1149 1502/1388/1149
f 1422/1019/1150 1489/886/1150 1490/1389/1150
f 1408/1014/1151 1477/1020/1151 1409/1021/1151
f 1434/1017/1152 1503/1022/1152 1435/1023/1152
f 1422/1019/1153 1491/1024/1153 1423/1025/1153
f 1410/1026/1154 1477/1020/1154 1478/1390/1154
f 1436/1027/1155 1503/1028/1155 1504/1391/1155
f 1424/1030/1156 1491/1024/1156 1492/1037/1156
f 1410/1032/1157 1479/1031/1157 1411/1033/1157
f 1436/1027/1158 1505/1034/1158 1437/1035/1158
f 1425/1036/1159 1492/1037/1159 1493/1392/1159
f 1412/1038/1160 1479/1031/1160 1480/1393/1160
f 1437/1035/1161 1506/1039/1161 1438/1040/1161
f 1425/1036/1162 1494/1041/1162 1426/1042/1162
f 1412/1038/1163 1481/1043/1163 1413/1044/1163
f 1438/1040/1164 1499/1045/1164 1431/1046/1164
f 1427/1047/1165 1494/1048/1165 1495/1394/1165
f 1413/1044/1166 1482/1050/1166 1414/1051/1166
f 1427/1047/1167 1496/1052/1167 1428/1053/1167
f 1415/1054/1168 1482/1050/1168 1483/1395/1168
f 1428/1053/1169 1497/1055/1169 1429/1056/1169
f 1415/1054/1170 1484/1057/1170 1416/1058/1170
f 1429/1056/1171 1498/1059/1171 1430/1060/1171
f 1416/1058/1172 1485/1061/1172 1417/1062/1172
f 1464/1063/1173 1498/1059/1173 1474/1396/1173
f 1418/1064/1174 1485/1061/1174 1486/1397/1174
f 1439/1065/1175 1499/1066/1175 1473/1398/1175
f 1418/1069/1176 1487/1068/1176 1419/1070/1176
f 1432/1071/1177 1474/1072/1177 1500/1399/1177
f 1420/887/1178 1487/1068/1178 1488/1400/1178
f 1439/1074/1179 1475/1015/1179 1407/1016/1179
f 1526/1075/1180 1509/1076/1180 1510/1082/1180
f 1523/1079/1181 772/1078/1181 1524/1080/1181
f 1522/1081/1182 1510/1082/1182 1511/1298/1182
f 1524/1080/1183 773/1086/1183 1521/1087/1183
f 1520/1088/1184 1511/1089/1184 1512/1147/1184
f 1513/1094/1185 1529/1093/1185 1512/1095/1185
f 1521/1100/1186 1508/1099/1186 1518/1101/1186
f 1006/1102/27 781/1103/27 448/1103/27
f 1517/1105/1187 768/1106/1187 769/1401/1187
f 1514/1109/1188 765/1108/1188 1515/1110/1188
f 1527/1111/1189 769/1112/1189 770/1402/1189
f 1518/1101/1190 1509/1076/1190 1525/1077/1190
f 1507/1115/1191 1531/1116/1191 1528/1403/1191
f 1527/1111/1192 771/1117/1192 1523/1079/1192
f 1004/1119/1193 787/1118/1193 1009/1120/1193
f 1004/1119/1194 786/1121/1194 785/1404/1194
f 1008/111/1195 1515/1110/1195 1005/110/1195
f 1010/1123/1196 1516/1107/1196 1517/1105/1196
f 1011/1125/1197 1517/1113/1197 1527/1111/1197
f 1016/1127/1198 1525/1077/1198 1017/1128/1198
f 1026/1129/1199 1514/1109/1199 1008/111/1199
f 1012/1130/1200 1527/1111/1200 1523/1079/1200
f 1014/794/1201 1518/1101/1201 1016/1127/1201
f 1026/1129/1202 1520/1088/1202 1519/1405/1202
f 1020/1131/1203 1522/1090/1203 1520/1088/1203
f 1013/1133/1204 1521/1087/1204 1014/1134/1204
f 1019/1135/1205 1526/1075/1205 1522/1081/1205
f 1013/1133/1206 1523/1079/1206 1524/1080/1206
f 1018/1136/1207 1525/1077/1207 1526/1075/1207
f 1531/1138/566 1534/1137/566 1528/1139/566
f 1529/1141/567 1539/1140/567 1533/1142/567
f 1519/1143/1208 1533/1144/1208 1532/1159/1208
f 1512/1147/1209 1533/1146/1209 1520/1088/1209
f 1513/1094/1210 1528/1148/1210 1530/1158/1210
f 1519/1143/1211 1531/1150/1211 1514/1151/1211
f 1535/1153/572 1545/1152/572 1539/1140/572
f 1538/1154/1212 1545/1155/1212 1544/1166/1212
f 1530/1158/577 1535/1157/577 1529/1093/577
f 1531/1150/1213 1538/1154/1213 1537/1170/1213
f 1528/1148/575 1536/1160/575 1530/1158/575
f 1532/1159/1214 1539/1156/1214 1538/1154/1214
f 1540/1162/579 1548/1161/579 1542/1163/579
f 1543/1164/1215 1550/1165/1215 1549/1190/1215
f 1537/1168/580 1540/1167/580 1534/1137/580
f 1536/1160/573 1541/1169/573 1535/1157/573
f 1537/1170/1216 1544/1166/1216 1543/1164/1216
f 1534/1171/582 1542/1163/582 1536/1160/582
f 1547/1173/584 1557/1172/584 1551/1174/584
f 1550/1165/1217 1557/1175/1217 1556/1186/1217
f 1544/1166/1218 1551/1176/1218 1550/1165/1218
f 1541/1177/587 1551/1174/587 1545/1152/587
f 1543/1179/588 1546/1178/588 1540/1167/588
f 1542/1163/586 1547/1180/586 1541/1169/586
f 1552/1182/591 1560/1181/591 1554/1183/591
f 1555/1184/1219 1562/1185/1219 1561/1209/1219
f 1549/1188/592 1552/1187/592 1546/1178/592
f 1548/1161/585 1553/1189/585 1547/1180/585
f 1549/1190/1220 1556/1186/1220 1555/1184/1220
f 1546/1191/594 1554/1183/594 1548/1161/594
f 1559/1193/596 1569/1192/596 1563/1194/596
f 1562/1185/1221 1569/1195/1221 1568/1210/1221
f 1556/1186/1222 1563/1196/1222 1562/1185/1222
f 1553/1197/599 1563/1194/599 1557/1198/599
f 1555/1200/600 1558/1199/600 1552/1201/600
f 1554/1183/598 1559/1202/598 1553/1189/598
f 1569/1192/602 1566/1203/602 1568/1204/602
f 1567/1205/603 1566/1203/603 1564/1406/603
f 1561/1207/604 1564/1206/604 1558/1199/604
f 1560/1181/597 1565/1208/597 1559/1202/597
f 1561/1209/1223 1568/1210/1223 1567/1407/1223
f 1558/1212/606 1566/1211/606 1560/1181/606
f 1571/1214/608 1588/1213/608 1572/1215/608
f 1570/1217/609 1589/1216/609 1573/1218/609
f 1577/1220/610 1593/1219/610 1576/1221/610
f 1576/1223/611 1590/1222/611 1574/1224/611
f 951/1226/610 1578/1225/610 953/1227/610
f 953/1227/612 1579/1228/612 950/1229/612
f 962/1231/608 1585/1230/608 960/1232/608
f 959/1234/613 1583/1233/613 962/1231/613
f 1570/1236/27 1578/1235/27 1572/1237/27
f 1571/1238/27 1578/1235/27 1580/1408/27
f 1571/1238/27 1581/1239/27 1574/1240/27
f 1570/1236/27 1582/1241/27 1579/1409/27
f 1575/1243/27 1583/1244/27 1584/1410/27
f 1576/1246/27 1583/1244/27 1577/1245/27
f 1575/1243/27 1582/1241/27 1573/1242/27
f 1576/1246/27 1581/1239/27 1585/1411/27
f 1587/1248/27 1591/1247/27 1588/1249/27
f 1588/1249/27 1589/1250/27 1586/1251/27
f 1590/1253/27 1594/1252/27 1591/1247/27
f 1591/1247/27 1592/1254/27 1589/1250/27
f 1573/1218/614 1592/1255/614 1575/1256/614
f 1575/1258/615 1594/1257/615 1577/1220/615
f 1574/1224/616 1587/1259/616 1571/1260/616
f 1572/1215/617 1586/1261/617 1570/1262/617
f 1616/1264/27 1604/1263/27 1617/1265/27
f 1605/73/27 1606/1266/27 1604/1263/27
f 1607/1268/1224 1608/1267/1224 1606/1266/1224
f 1604/1263/1225 1596/1269/1225 1595/1270/1225
f 1612/1272/1226 1601/1271/1226 1611/1273/1226
f 1614/1274/1227 1603/1275/1227 1613/1277/1227
f 1613/1277/1228 1602/1278/1228 1612/1272/1228
f 1617/1265/1229 1595/1270/1229 1615/1279/1229
f 1598/1280/1230 1612/1272/1230 1599/1282/1230
f 1597/1281/1231 1613/1277/1231 1598/1280/1231
f 1599/1282/1232 1611/1273/1232 1600/1283/1232
f 1610/1276/1233 1606/1266/1233 1608/1267/1233
f 1596/1269/1234 1614/1274/1234 1597/1281/1234
f 968/493/1235 1598/1284/1235 1599/1412/1235
f 975/42/1236 1607/1268/1236 1605/73/1236
f 968/1285/1237 890/1286/1237 1599/1413/1237
f 968/493/1238 1600/1288/1238 969/499/1238
f 994/1290/1239 1601/1289/1239 970/1291/1239
f 982/93/1240 891/1292/1240 1609/92/1240
f 972/86/1241 1610/1293/1241 983/1294/1241
f 970/505/1242 1602/1295/1242 971/509/1242
f 1149/624/1243 477/1296/1243 463/626/1243
f 899/1297/638 1512/1147/638 1511/1089/638
f 898/1299/639 1511/1298/639 1510/1082/639
f 1509/1076/640 898/1299/640 1510/1082/640
f 1508/1099/641 903/1301/641 1509/1076/641
f 773/1303/1244 902/1302/1244 1508/1099/1244
f 1515/1110/1245 786/1121/1245 1005/1122/1245
f 1513/1094/643 905/1304/643 1507/1149/643
f 906/1306/644 1513/1094/644 1512/1095/644
f 1507/1115/27 904/1108/27 765/1108/27
f 1009/1120/1246 787/1118/1246 768/1308/1246
f 338/466/1247 1178/313/1247 379/468/1247
f 993/656/1248 992/187/1248 1086/655/1248
f 4/1/1249 8/7/1249 6/2/1249
f 2/3/1250 6/2/1250 7/4/1250
f 1/6/1251 5/711/1251 8/7/1251
f 34/8/4 32/11/4 28/9/4
f 32/11/1252 33/17/1252 29/12/1252
f 38/13/6 36/16/6 32/11/6
f 35/14/6 38/13/6 34/8/6
f 36/16/6 37/21/6 33/17/6
f 42/18/6 40/20/6 36/16/6
f 39/19/6 42/18/6 38/13/6
f 40/20/6 41/24/6 37/21/6
f 46/22/6 44/23/6 40/20/6
f 39/19/6 43/1309/6 46/22/6
f 44/23/6 45/26/6 41/24/6
f 49/25/6 50/37/6 45/26/6
f 859/27/7 857/40/7 48/28/7
f 856/30/8 860/1414/8 53/31/8
f 47/33/1253 51/126/1253 48/34/1253
f 53/36/6 54/67/6 50/37/6
f 855/38/10 856/30/10 49/32/10
f 857/40/11 854/1415/11 43/41/11
f 68/42/1254 66/48/1254 559/43/1254
f 71/45/13 882/1268/13 884/46/13
f 71/45/1255 69/52/1255 66/48/1255
f 562/49/15 896/81/15 895/50/15
f 75/47/1256 73/53/1256 69/52/1256
f 73/53/1257 74/125/1257 70/54/1257
f 60/55/18 873/1284/18 872/56/18
f 59/57/19 872/56/19 871/58/19
f 94/60/1258 78/124/1258 80/61/1258
f 118/63/1259 119/120/1259 113/64/1259
f 561/65/1260 566/101/1260 116/66/1260
f 81/68/1261 83/122/1261 82/69/1261
f 92/70/1262 90/94/1262 86/71/1262
f 560/44/26 895/1264/26 880/73/26
f 345/74/6 890/1416/6 892/75/6
f 886/77/1263 875/1417/1263 62/78/1263
f 558/80/1264 894/1310/1264 896/81/1264
f 58/59/30 871/58/30 870/82/30
f 878/84/31 877/1418/31 64/85/31
f 883/87/32 885/1419/32 76/88/32
f 57/83/33 870/82/33 894/90/33
f 884/92/34 883/87/34 72/89/34
f 90/94/1265 79/840/1265 82/95/1265
f 563/96/1266 91/193/1266 88/97/1266
f 92/70/1267 576/808/1267 575/99/1267
f 116/66/6 93/102/6 95/100/6
f 566/101/41 564/107/41 93/102/41
f 93/102/1268 88/97/1268 96/103/1268
f 67/104/27 84/104/27 573/105/27
f 564/107/41 565/98/41 88/97/41
f 100/108/1269 101/1420/1269 95/100/1269
f 100/109/1270 99/1311/1270 98/110/1270
f 108/114/1271 26/1421/1271 27/402/1271
f 27/402/1272 629/1422/1272 655/1423/1272
f 27/402/1273 655/1423/1273 662/1424/1273
f 630/1425/1274 109/1426/1274 108/114/1274
f 657/1427/1275 656/1428/1275 630/1425/1275
f 658/1429/1276 657/1427/1276 630/1425/1276
f 108/114/1277 27/402/1277 662/1424/1277
f 108/114/1278 662/1424/1278 661/1312/1278
f 658/1429/1279 630/1425/1279 108/114/1279
f 659/113/1280 658/1429/1280 108/114/1280
f 108/114/1281 661/1312/1281 660/112/1281
f 110/117/1282 109/1426/1282 630/1425/1282
f 630/1425/1283 654/1430/1283 653/1431/1283
f 630/1425/1284 653/1431/1284 652/1432/1284
f 631/1433/1285 629/1422/1285 27/402/1285
f 632/1434/1286 631/1433/1286 27/402/1286
f 110/117/1287 630/1425/1287 652/1432/1287
f 110/117/1288 652/1432/1288 651/1435/1288
f 633/1436/1289 632/1434/1289 27/402/1289
f 634/1437/1290 633/1436/1290 27/402/1290
f 110/117/1291 651/1435/1291 650/1438/1291
f 110/117/1292 650/1438/1292 649/1439/1292
f 635/1440/1293 634/1437/1293 27/402/1293
f 636/1441/1294 635/1440/1294 27/402/1294
f 110/117/1295 649/1439/1295 648/1442/1295
f 110/117/1296 648/1442/1296 647/1443/1296
f 636/1441/1297 27/402/1297 29/12/1297
f 637/1444/1298 636/1441/1298 29/12/1298
f 110/117/1299 647/1443/1299 646/1445/1299
f 110/117/1300 646/1445/1300 645/1446/1300
f 638/1447/1301 637/1444/1301 29/12/1301
f 639/1448/1302 638/1447/1302 29/12/1302
f 29/12/1303 110/117/1303 645/1446/1303
f 29/12/1304 645/1446/1304 644/1449/1304
f 640/1450/1305 639/1448/1305 29/12/1305
f 641/1451/1306 640/1450/1306 29/12/1306
f 29/12/1307 644/1449/1307 643/115/1307
f 642/116/1308 641/1451/1308 29/12/1308
f 29/12/1309 33/17/1309 37/21/1309
f 41/24/1310 111/118/1310 110/117/1310
f 45/26/1311 112/119/1311 111/118/1311
f 50/37/1312 113/64/1312 112/119/1312
f 95/100/1313 101/1420/1313 119/120/1313
f 114/121/1314 115/1452/1314 83/122/1314
f 54/67/6 116/66/6 118/63/6
f 117/123/1315 77/1453/1315 78/124/1315
f 74/125/1316 77/1453/1316 117/123/1316
f 51/126/1317 56/1313/1317 52/127/1317
f 121/128/55 123/131/55 188/129/55
f 123/131/56 125/133/56 189/132/56
f 125/133/57 127/1314/57 190/134/57
f 190/134/58 127/1314/58 129/135/58
f 129/137/59 131/1315/59 192/138/59
f 192/138/1318 131/1315/1318 133/140/1318
f 193/141/1319 133/140/1319 135/142/1319
f 137/144/1320 139/1316/1320 196/145/1320
f 196/145/1321 139/1316/1321 141/147/1321
f 141/147/64 143/1454/64 198/149/64
f 143/150/65 145/1317/65 199/151/65
f 199/151/66 145/1317/66 147/153/66
f 147/153/67 149/1318/67 201/155/67
f 201/155/68 149/1318/68 121/128/68
f 151/156/69 153/159/69 218/157/69
f 153/159/70 155/1319/70 219/160/70
f 219/160/71 155/1319/71 157/161/71
f 220/162/72 157/161/72 159/163/72
f 221/165/73 159/1320/73 161/166/73
f 161/166/1322 163/1321/1322 223/168/1322
f 223/168/1323 163/1321/1323 165/169/1323
f 426/171/1324 167/597/1324 169/172/1324
f 169/172/1325 171/175/1325 226/174/1325
f 171/175/78 173/1455/78 227/176/78
f 227/177/79 173/1322/79 175/178/79
f 175/178/80 177/181/80 229/180/80
f 177/181/81 179/183/81 230/182/81
f 179/183/82 151/156/82 217/158/82
f 162/184/1326 164/1323/1326 238/185/1326
f 563/96/1327 92/868/1327 85/187/1327
f 85/187/1328 181/1456/1328 180/188/1328
f 180/188/1329 91/193/1329 563/96/1329
f 183/191/1330 185/616/1330 186/192/1330
f 91/193/1331 185/1324/1331 183/194/1331
f 88/97/1332 183/194/1332 184/195/1332
f 120/196/89 187/228/89 188/197/89
f 124/199/90 122/1325/90 188/200/90
f 126/202/91 124/199/91 189/201/91
f 128/204/92 126/202/92 190/203/92
f 130/206/93 128/204/93 191/205/93
f 132/208/94 130/206/94 192/207/94
f 132/210/1333 193/1457/1333 194/211/1333
f 136/213/1334 195/606/1334 196/214/1334
f 138/216/97 196/1458/97 197/217/97
f 142/219/98 140/218/98 197/217/98
f 144/221/99 142/219/99 198/220/99
f 146/223/100 144/221/100 199/222/100
f 148/225/101 146/223/101 200/224/101
f 120/196/102 148/251/102 201/227/102
f 136/213/1335 138/215/1335 211/229/1335
f 140/231/104 212/235/104 211/229/104
f 120/196/105 122/198/105 203/232/105
f 142/234/1336 213/1459/1336 212/235/1336
f 122/198/107 124/241/107 204/236/107
f 144/237/108 214/243/108 213/238/108
f 126/240/109 205/245/109 204/236/109
f 144/237/110 146/246/110 215/242/110
f 128/244/111 206/1460/111 205/245/111
f 146/246/112 148/251/112 216/247/112
f 128/248/113 130/252/113 207/249/113
f 120/196/114 202/233/114 216/247/114
f 130/252/1337 132/210/1337 208/253/1337
f 132/210/1338 134/212/1338 209/254/1338
f 152/255/117 150/283/117 217/256/117
f 154/258/118 152/255/118 218/257/118
f 156/260/1339 154/258/1339 219/259/1339
f 156/260/1340 220/261/1340 221/262/1340
f 160/264/1341 158/263/1341 221/262/1341
f 160/264/1342 222/265/1342 223/266/1342
f 162/267/1343 223/266/1343 224/268/1343
f 166/270/1344 426/1461/1344 225/271/1344
f 168/272/125 225/271/125 226/273/125
f 170/274/126 226/273/126 227/275/126
f 174/277/127 172/276/127 227/275/127
f 176/279/1345 174/277/1345 228/278/1345
f 178/281/129 176/279/129 229/280/129
f 150/283/130 178/281/130 230/282/130
f 168/284/1346 240/288/1346 239/285/1346
f 170/287/132 241/293/132 240/288/132
f 152/289/133 232/295/133 231/290/133
f 170/287/134 172/1326/134 242/292/134
f 154/294/135 233/300/135 232/295/135
f 172/296/136 174/302/136 243/297/136
f 156/299/137 234/304/137 233/300/137
f 176/301/138 244/306/138 243/297/138
f 156/299/139 158/1327/139 235/303/139
f 178/305/140 245/310/140 244/306/140
f 160/307/141 236/311/141 235/308/141
f 150/291/142 231/290/142 245/310/142
f 160/307/143 162/184/143 237/186/143
f 248/315/1347 249/319/1347 247/316/1347
f 248/315/1348 250/320/1348 251/318/1348
f 250/320/1349 252/322/1349 253/321/1349
f 252/322/1350 254/325/1350 255/323/1350
f 256/324/1351 257/327/1351 255/323/1351
f 258/326/1352 259/329/1352 257/327/1352
f 260/328/1353 261/331/1353 259/329/1353
f 262/330/1354 263/333/1354 261/331/1354
f 264/332/1355 265/335/1355 263/333/1355
f 266/334/1356 267/356/1356 265/335/1356
f 268/336/1357 269/340/1357 267/337/1357
f 270/339/1358 271/1462/1358 269/340/1358
f 272/341/1359 273/359/1359 271/342/1359
f 272/344/1360 275/313/1360 274/312/1360
f 247/316/1361 249/319/1361 5/346/1361
f 249/319/1362 251/318/1362 9/348/1362
f 251/318/1363 253/321/1363 11/349/1363
f 253/321/1364 255/323/1364 13/350/1364
f 13/350/1365 255/323/1365 257/327/1365
f 15/351/1366 257/327/1366 259/329/1366
f 17/352/1367 259/329/1367 261/331/1367
f 19/353/1368 261/331/1368 263/333/1368
f 21/354/1369 263/333/1369 265/335/1369
f 23/355/1370 265/335/1370 267/356/1370
f 31/358/1371 271/342/1371 273/359/1371
f 35/360/1372 273/359/1372 274/361/1372
f 274/361/1373 47/33/1373 43/35/1373
f 277/366/1374 279/369/1374 278/367/1374
f 279/369/1375 281/1328/1375 280/370/1375
f 280/370/1376 281/1328/1376 283/371/1376
f 282/372/1377 283/371/1377 285/373/1377
f 284/374/1378 285/373/1378 287/375/1378
f 286/376/1379 287/375/1379 289/377/1379
f 288/378/1380 289/377/1380 291/379/1380
f 290/380/1381 291/379/1381 293/381/1381
f 292/382/1382 293/381/1382 294/383/1382
f 3/5/1383 7/4/1383 279/385/1383
f 10/387/1384 281/389/1384 279/385/1384
f 10/387/1385 12/391/1385 283/388/1385
f 14/390/1386 285/393/1386 283/388/1386
f 16/392/1387 287/395/1387 285/393/1387
f 18/394/1388 289/397/1388 287/395/1388
f 20/396/1389 291/399/1389 289/397/1389
f 22/398/1390 293/401/1390 291/399/1390
f 24/400/1391 294/403/1391 293/401/1391
f 27/402/1392 26/1421/1392 294/403/1392
f 297/404/6 299/408/6 298/405/6
f 301/407/6 300/410/6 298/405/6
f 303/409/6 302/412/6 300/410/6
f 305/411/6 304/414/6 302/412/6
f 307/413/6 306/416/6 304/414/6
f 309/415/6 308/418/6 306/416/6
f 311/417/6 310/420/6 308/418/6
f 313/419/6 312/435/6 310/420/6
f 314/421/1393 317/1329/1393 316/422/1393
f 318/424/1394 314/1463/1394 315/425/1394
f 323/427/1395 318/726/1395 319/428/1395
f 320/430/195 321/434/195 323/427/195
f 314/432/1396 25/357/1396 267/356/1396
f 267/356/1397 269/1330/1397 317/431/1397
f 31/358/6 316/1464/6 317/431/6
f 317/431/1398 269/1330/1398 271/342/1398
f 30/10/1399 324/429/1399 319/428/1399
f 315/423/1400 316/422/1400 31/15/1400
f 31/15/1401 34/8/1401 30/10/1401
f 320/430/200 324/429/200 30/10/200
f 322/433/1402 320/430/1402 28/9/1402
f 313/419/202 323/427/202 321/434/202
f 252/436/1403 250/455/1403 326/437/1403
f 260/439/1404 331/456/1404 332/440/1404
f 270/339/1405 336/457/1405 337/442/1405
f 246/443/1406 477/1465/1406 325/444/1406
f 256/446/1407 329/458/1407 330/447/1407
f 266/338/1408 334/459/1408 335/449/1408
f 254/450/1409 252/436/1409 327/438/1409
f 262/441/1410 332/440/1410 333/452/1410
f 272/344/1411 337/442/1411 338/454/1411
f 250/455/1412 248/445/1412 325/444/1412
f 258/448/1413 330/447/1413 331/456/1413
f 268/336/1414 335/449/1414 336/457/1414
f 254/450/1415 328/451/1415 329/458/1415
f 264/453/1416 333/452/1416 334/459/1416
f 336/460/27 377/528/27 378/461/27
f 56/463/1417 51/497/1417 340/464/1417
f 338/466/27 337/1466/27 378/467/27
f 352/469/1418 355/482/1418 77/470/1418
f 558/91/1419 567/1331/1419 341/472/1419
f 57/83/1420 341/472/1420 342/476/1420
f 325/473/27 366/475/27 367/477/27
f 58/59/1421 342/476/1421 343/479/1421
f 326/478/27 367/477/27 368/480/27
f 355/482/1422 356/1333/1422 78/483/1422
f 59/57/1423 343/479/1423 344/484/1423
f 327/481/27 368/480/27 369/485/27
f 349/487/1424 354/496/1424 76/88/1424
f 194/143/1425 135/142/1425 363/489/1425
f 134/212/1426 362/513/1426 365/491/1426
f 60/55/1427 344/484/1427 345/492/1427
f 328/486/27 369/485/27 370/494/27
f 354/496/1428 350/523/1428 72/89/1428
f 51/497/1429 47/314/1429 339/498/1429
f 345/492/1430 346/1467/1430 62/499/1430
f 329/495/27 370/494/27 371/500/27
f 62/78/1431 346/1332/1431 359/502/1431
f 78/483/1432 356/1333/1432 357/503/1432
f 359/502/1433 347/1334/1433 63/505/1433
f 330/501/27 371/500/27 372/506/27
f 63/505/1434 347/1334/1434 348/508/1434
f 331/507/27 372/506/27 373/510/27
f 134/212/1435 194/211/1435 364/512/1435
f 348/508/1436 349/487/1436 65/488/1436
f 332/511/27 373/510/27 374/514/27
f 80/504/1437 357/503/1437 358/516/1437
f 114/518/1438 360/1335/1438 361/519/1438
f 333/515/27 374/514/27 375/521/27
f 350/523/1439 353/529/1439 75/93/1439
f 334/522/27 375/521/27 376/524/27
f 351/526/240 352/469/240 74/471/240
f 358/516/1440 360/1335/1440 114/518/1440
f 335/525/27 376/524/27 377/528/27
f 353/529/242 351/526/242 73/527/242
f 391/530/27 392/555/27 349/531/27
f 376/524/27 418/594/27 419/533/27
f 362/534/27 364/595/27 406/535/27
f 393/537/27 396/550/27 353/538/27
f 377/528/27 419/533/27 420/540/27
f 365/541/6 362/1468/6 404/542/6
f 394/544/27 395/564/27 352/545/27
f 378/461/27 420/540/27 421/547/27
f 396/550/27 394/544/27 351/546/27
f 340/551/27 339/1469/27 381/552/27
f 366/475/27 408/549/27 409/554/27
f 392/555/27 397/559/27 354/556/27
f 367/477/27 409/554/27 410/558/27
f 397/559/27 393/537/27 350/539/27
f 568/560/27 384/566/27 341/561/27
f 368/480/27 410/558/27 411/563/27
f 395/564/27 398/1470/27 355/565/27
f 384/566/27 385/1471/27 342/567/27
f 369/485/27 411/563/27 412/568/27
f 355/565/27 398/1470/27 399/569/27
f 342/567/27 385/1471/27 386/571/27
f 370/494/27 412/568/27 413/573/27
f 399/569/27 400/1472/27 357/574/27
f 343/572/27 386/571/27 387/575/27
f 371/500/27 413/573/27 414/577/27
f 357/578/6 400/1473/6 401/579/6
f 344/576/27 387/575/27 388/76/27
f 372/506/27 414/577/27 415/581/27
f 389/582/27 402/589/27 359/583/27
f 388/76/27 389/582/27 346/584/27
f 373/510/27 415/581/27 416/585/27
f 115/586/1441 361/1474/1441 443/587/1441
f 402/589/27 390/1475/27 347/590/27
f 374/514/27 416/585/27 417/591/27
f 358/580/27 401/579/27 403/592/27
f 347/590/27 390/1475/27 391/530/27
f 375/521/27 417/591/27 418/594/27
f 364/595/27 363/1476/27 405/596/27
f 275/313/1442 379/1477/1442 339/498/1442
f 137/144/1443 195/146/1443 424/599/1443
f 136/213/1444 210/230/1444 430/601/1444
f 424/603/1445 195/1336/1445 429/604/1445
f 195/606/1446 136/213/1446 428/602/1446
f 422/600/27 424/599/27 433/608/27
f 210/230/27 425/610/27 434/610/27
f 186/192/890 462/617/890 459/614/890
f 290/380/1447 474/632/1447 473/615/1447
f 185/616/1448 461/631/1448 462/617/1448
f 83/588/1449 443/587/1449 442/618/1449
f 282/372/1450 470/636/1450 469/620/1450
f 96/621/1451 446/635/1451 449/622/1451
f 246/624/1452 247/633/1452 464/625/1452
f 108/627/1453 456/1337/1453 441/628/1453
f 91/630/1454 445/644/1454 461/631/1454
f 292/382/1455 475/1338/1455 474/632/1455
f 247/633/1456 1/1339/1456 437/634/1456
f 184/190/1457 460/649/1457 446/635/1457
f 284/374/1458 471/643/1458 470/636/1458
f 441/637/1459 476/639/1459 295/384/1459
f 476/639/1460 475/1338/1460 292/382/1460
f 458/640/1461 457/1340/1461 180/641/1461
f 286/376/1462 472/650/1462 471/643/1462
f 180/641/907 457/1340/907 445/644/907
f 468/645/1463 467/751/1463 276/368/1463
f 82/646/1464 442/1478/1464 444/647/1464
f 182/189/1465 459/614/1465 460/649/1465
f 288/378/1466 473/615/1466 472/650/1466
f 469/620/1467 468/645/1467 278/367/1467
f 449/651/1468 448/777/1468 99/652/1468
f 444/654/1469 458/1341/1469 181/655/1469
f 238/657/27 164/660/27 478/658/27
f 164/660/1470 224/1342/1470 480/661/1470
f 224/170/1471 165/169/1471 479/662/1471
f 489/670/1472 484/679/1472 483/671/1472
f 487/673/1473 488/677/1473 486/674/1473
f 485/675/280 486/674/280 489/670/280
f 487/673/1474 494/680/1474 493/676/1474
f 492/678/1475 491/683/1475 483/671/1475
f 494/680/1476 498/714/1476 497/681/1476
f 496/682/1477 495/716/1477 491/683/1477
f 497/681/1478 498/714/1478 502/684/1478
f 499/686/1479 495/716/1479 496/682/1479
f 501/685/1480 502/684/1480 506/688/1480
f 504/690/1481 503/694/1481 499/686/1481
f 505/689/1482 506/688/1482 510/691/1482
f 508/693/1483 507/698/1483 503/694/1483
f 509/692/1484 510/691/1484 514/695/1484
f 512/697/1485 511/702/1485 507/698/1485
f 513/696/1486 514/695/1486 518/699/1486
f 516/701/1487 515/706/1487 511/702/1487
f 517/700/1488 518/699/1488 522/703/1488
f 520/705/1489 519/707/1489 515/706/1489
f 523/667/1490 524/669/1490 519/707/1490
f 527/708/1491 526/710/1491 521/704/1491
f 527/708/1492 528/727/1492 529/709/1492
f 484/679/1493 489/670/1493 8/7/1493
f 483/671/1494 491/683/1494 297/404/1494
f 492/678/1495 484/679/1495 5/711/1495
f 6/2/1496 486/674/1496 488/677/1496
f 296/406/1497 494/680/1497 487/673/1497
f 8/7/305 489/670/305 486/674/305
f 490/672/306 297/404/306 296/406/306
f 488/677/1498 493/676/1498 10/387/1498
f 496/682/1499 492/678/1499 9/712/1499
f 491/683/1500 495/716/1500 299/408/1500
f 493/676/1501 497/681/1501 12/391/1501
f 296/406/1502 298/405/1502 498/714/1502
f 500/687/1503 496/682/1503 11/713/1503
f 495/716/1504 499/686/1504 301/407/1504
f 12/391/1505 497/681/1505 501/685/1505
f 300/410/1506 502/684/1506 498/714/1506
f 15/717/1507 504/690/1507 500/687/1507
f 503/694/317 303/409/317 301/407/317
f 14/390/1508 501/685/1508 505/689/1508
f 302/412/319 506/688/319 502/684/319
f 17/718/1509 508/693/1509 504/690/1509
f 507/698/1510 305/411/1510 303/409/1510
f 16/392/1511 505/689/1511 509/692/1511
f 304/414/1512 510/691/1512 506/688/1512
f 19/719/1513 512/697/1513 508/693/1513
f 511/702/1514 307/413/1514 305/411/1514
f 18/394/1515 509/692/1515 513/696/1515
f 306/416/1516 514/695/1516 510/691/1516
f 21/720/1517 516/701/1517 512/697/1517
f 515/706/333 309/415/333 307/413/333
f 20/396/1518 513/696/1518 517/700/1518
f 308/418/1519 518/699/1519 514/695/1519
f 23/721/1520 520/705/1520 516/701/1520
f 519/707/1521 311/417/1521 309/415/1521
f 22/398/1522 517/700/1522 521/704/1522
f 310/420/1523 522/703/1523 518/699/1523
f 25/722/1524 523/667/1524 520/705/1524
f 524/669/1525 313/419/1525 311/417/1525
f 312/435/1526 527/708/1526 522/703/1526
f 24/400/1527 521/704/1527 526/710/1527
f 25/725/1528 314/1479/1528 318/723/1528
f 318/723/1529 525/1343/1529 523/724/1529
f 524/669/1530 525/668/1530 318/726/1530
f 318/726/1531 323/427/1531 313/419/1531
f 29/12/1532 27/402/1532 526/710/1532
f 529/709/1533 322/433/1533 29/12/1533
f 312/435/1534 321/434/1534 528/727/1534
f 320/430/1535 322/433/1535 529/709/1535
f 529/709/1536 528/727/1536 321/434/1536
f 537/728/1537 536/734/1537 533/729/1537
f 532/730/1538 533/729/1538 535/731/1538
f 530/733/1539 531/1344/1539 536/734/1539
f 541/735/1540 540/738/1540 538/736/1540
f 540/738/1541 541/735/1541 534/732/1541
f 531/741/1542 530/1480/1542 436/739/1542
f 436/739/1543 437/1345/1543 1/740/1543
f 531/742/1544 1/6/1544 4/1/1544
f 440/744/1545 436/1481/1545 530/733/1545
f 532/730/1546 438/1346/1546 440/744/1546
f 536/743/1547 4/1/1547 2/3/1547
f 533/745/1548 2/3/1548 3/5/1548
f 439/747/1549 438/1346/1549 532/730/1549
f 535/746/1550 3/5/1550 277/386/1550
f 541/735/1551 466/749/1551 439/747/1551
f 539/737/1552 465/1347/1552 466/749/1552
f 538/750/1553 540/1348/1553 277/366/1553
f 538/750/1554 276/368/1554 467/751/1554
f 467/751/1555 465/1349/1555 539/752/1555
f 545/759/1556 542/753/1556 543/755/1556
f 548/761/1557 547/778/1557 545/762/1557
f 550/764/1558 549/768/1558 547/765/1558
f 552/767/1559 551/770/1559 549/768/1559
f 554/769/1560 553/771/1560 551/770/1560
f 555/756/1561 556/758/1561 553/771/1561
f 545/762/1562 102/779/1562 97/772/1562
f 98/775/1563 99/1482/1563 544/774/1563
f 544/774/1564 542/773/1564 97/772/1564
f 447/776/1565 450/780/1565 546/760/1565
f 544/754/1566 99/652/1566 448/777/1566
f 448/777/1567 447/776/1567 543/755/1567
f 547/778/1568 103/783/1568 102/779/1568
f 450/780/1569 451/1483/1569 548/781/1569
f 549/782/1570 104/786/1570 103/783/1570
f 548/766/1571 451/1350/1571 452/784/1571
f 551/785/1572 105/789/1572 104/786/1572
f 550/764/1573 452/784/1573 453/787/1573
f 553/788/1574 106/792/1574 105/789/1574
f 552/767/1575 453/787/1575 454/790/1575
f 556/791/1576 107/1484/1576 106/792/1576
f 454/790/1577 455/796/1577 555/756/1577
f 556/795/1578 557/1485/1578 108/793/1578
f 108/793/1579 109/1127/1579 107/794/1579
f 557/757/1580 555/756/1580 455/796/1580
f 455/796/1581 456/1337/1581 108/627/1581
f 383/800/1582 567/1486/1582 558/801/1582
f 56/803/1583 558/1351/1583 562/804/1583
f 562/804/6 560/44/6 55/806/6
f 559/43/1584 561/65/1584 54/67/1584
f 560/44/1585 559/43/1585 53/36/1585
f 604/809/6 602/812/6 577/810/6
f 573/813/1586 604/809/1586 571/811/1586
f 587/818/1587 584/823/1587 605/819/1587
f 589/821/1588 587/818/1588 606/820/1588
f 584/823/1589 582/841/1589 581/824/1589
f 70/54/1590 580/1352/1590 579/826/1590
f 579/826/1591 580/1352/1591 570/827/1591
f 579/826/1592 569/828/1592 66/48/1592
f 70/829/1593 117/847/1593 589/821/1593
f 67/830/1594 570/1353/1594 580/831/1594
f 84/830/1595 70/832/1595 580/831/1595
f 604/809/1596 573/813/1596 580/825/1596
f 79/834/1597 582/1487/1597 584/835/1597
f 94/839/1598 79/1488/1598 582/837/1598
f 582/837/1599 583/1354/1599 587/838/1599
f 90/94/1600 575/99/1600 581/824/1600
f 79/840/1601 90/94/1601 581/824/1601
f 575/99/1602 603/807/1602 605/819/1602
f 574/842/1603 609/849/1603 611/843/1603
f 94/845/1604 89/836/1604 584/835/1604
f 117/847/1605 94/1355/1605 587/818/1605
f 578/848/1606 610/877/1606 609/849/1606
f 596/850/411 599/855/411 598/851/411
f 600/853/411 596/850/411 597/852/411
f 599/855/1607 594/870/1607 595/856/1607
f 592/857/411 600/853/411 601/854/411
f 593/858/1608 590/863/1608 591/859/1608
f 590/860/1609 593/1489/1609 561/861/1609
f 559/43/1610 66/48/1610 569/828/1610
f 569/828/1611 591/859/1611 590/863/1611
f 569/828/1612 570/827/1612 592/857/1612
f 593/858/417 601/854/417 566/101/417
f 570/827/1613 571/871/1613 600/853/1613
f 565/864/1614 598/1356/1614 595/865/1614
f 92/868/1615 563/96/1615 595/856/1615
f 595/856/1616 594/870/1616 576/867/1616
f 603/869/1617 576/867/1617 594/870/1617
f 597/852/417 598/851/417 565/98/417
f 571/871/422 577/872/422 596/850/422
f 577/872/1618 603/869/1618 599/855/1618
f 601/854/417 597/852/417 564/107/417
f 574/842/1619 603/807/1619 602/812/1619
f 572/873/1620 578/848/1620 602/812/1620
f 585/844/1621 586/875/1621 606/820/1621
f 588/874/1622 607/822/1622 606/820/1622
f 572/873/1623 604/809/1623 607/822/1623
f 585/844/1624 605/819/1624 603/807/1624
f 609/849/1625 610/877/1625 612/876/1625
f 610/877/430 608/879/430 613/878/430
f 586/875/1626 612/876/1626 613/878/1626
f 578/848/1627 572/873/1627 608/879/1627
f 588/874/1628 613/878/1628 608/879/1628
f 586/875/1629 585/844/1629 611/843/1629
f 654/880/1630 721/1357/1630 720/881/1630
f 707/883/1631 706/1370/1631 639/884/1631
f 747/886/1632 746/1400/1632 678/887/1632
f 691/889/1633 759/1018/1633 758/890/1633
f 708/892/1634 707/883/1634 640/885/1634
f 630/894/1635 664/1358/1635 721/895/1635
f 642/897/1636 709/1359/1636 708/892/1636
f 663/898/1637 723/1368/1637 655/899/1637
f 710/901/1638 709/1490/1638 642/902/1638
f 656/904/1639 724/1360/1639 664/905/1639
f 644/907/1640 711/1361/1640 710/901/1640
f 631/908/1641 698/1362/1641 663/909/1641
f 725/911/1642 724/1360/1642 656/904/1642
f 712/913/1643 711/1361/1643 644/907/1643
f 699/915/1644 698/1491/1644 631/916/1644
f 658/918/1645 726/1363/1645 725/911/1645
f 646/919/1646 713/1364/1646 712/913/1646
f 700/920/1647 699/915/1647 632/917/1647
f 727/922/1648 726/1363/1648 658/918/1648
f 714/924/1649 713/1364/1649 646/919/1649
f 634/926/1650 701/1365/1650 700/920/1650
f 728/927/1651 727/1492/1651 659/928/1651
f 715/930/1652 714/924/1652 647/925/1652
f 702/932/1653 701/1493/1653 634/933/1653
f 661/935/1654 729/939/1654 728/927/1654
f 649/936/460 716/941/460 715/930/460
f 636/937/1655 703/1366/1655 702/932/1655
f 662/938/462 730/944/462 729/939/462
f 650/940/463 717/1367/463 716/941/463
f 704/942/1656 703/1366/1656 636/937/1656
f 655/899/1657 723/1368/1657 730/944/1657
f 651/945/466 718/1369/466 717/946/466
f 705/948/1658 704/942/1658 637/943/1658
f 719/950/1659 718/1369/1659 651/945/1659
f 639/884/1660 706/1370/1660 705/948/1660
f 653/882/1661 720/881/1661 719/950/1661
f 663/952/1662 698/1371/1662 665/953/1662
f 665/953/1663 698/1371/1663 699/955/1663
f 699/955/473 700/1372/473 667/957/473
f 667/957/1664 700/1372/1664 701/958/1664
f 701/958/1665 702/1373/1665 669/960/1665
f 669/960/476 702/1373/476 703/961/476
f 703/961/477 704/964/477 671/963/477
f 704/964/1666 705/1374/1666 672/965/1666
f 672/965/1667 705/1374/1667 706/966/1667
f 706/966/480 707/969/480 674/968/480
f 707/969/1668 708/1375/1668 675/970/1668
f 675/970/482 708/1375/482 709/971/482
f 709/971/1669 710/1376/1669 677/973/1669
f 677/973/1670 710/1376/1670 711/974/1670
f 711/974/485 712/1377/485 679/976/485
f 679/976/1671 712/1377/1671 713/977/1671
f 713/977/1672 714/1378/1672 681/979/1672
f 681/979/1673 714/1378/1673 715/980/1673
f 682/981/1674 715/980/1674 716/982/1674
f 716/982/490 717/1379/490 684/984/490
f 684/984/491 717/1379/491 718/985/491
f 718/985/1675 719/1380/1675 686/987/1675
f 686/987/1676 719/1380/1676 720/988/1676
f 687/989/1677 720/988/1677 721/990/1677
f 688/991/1678 721/990/1678 664/992/1678
f 689/994/1679 723/1381/1679 663/952/1679
f 722/993/1680 664/992/1680 724/995/1680
f 690/996/1681 724/995/1681 725/997/1681
f 691/998/1682 725/997/1682 726/999/1682
f 726/999/1683 727/1382/1683 693/1001/1683
f 693/1001/501 727/1382/501 728/1002/501
f 694/1003/1684 728/1002/1684 729/1004/1684
f 729/1004/1685 730/1007/1685 696/1006/1685
f 730/1007/1686 723/1381/1686 689/994/1686
f 756/1494/1687 732/1386/1687 731/1495/1687
f 731/1495/1688 733/1496/1688 734/1008/1688
f 734/1008/6 735/1497/6 736/1498/6
f 736/1498/6 737/1499/6 738/1385/6
f 738/1385/6 739/1500/6 740/1501/6
f 740/1501/6 741/1502/6 742/1009/6
f 742/1009/6 743/1503/6 744/1504/6
f 744/1504/6 745/1505/6 746/1384/6
f 746/1384/6 747/1506/6 748/1507/6
f 748/1507/6 749/1508/6 750/1010/6
f 750/1010/6 751/1509/6 752/1510/6
f 752/1510/6 753/1511/6 754/1383/6
f 754/1383/6 755/1512/6 756/1494/6
f 756/1494/1689 731/1495/1689 734/1008/1689
f 734/1008/6 736/1498/6 738/1385/6
f 738/1385/6 740/1501/6 742/1009/6
f 742/1009/6 744/1504/6 746/1384/6
f 746/1384/6 748/1507/6 750/1010/6
f 750/1010/6 752/1510/6 754/1383/6
f 754/1383/6 756/1494/6 734/1008/6
f 734/1008/6 738/1385/6 742/1009/6
f 742/1009/6 746/1384/6 750/1010/6
f 750/1010/6 754/1383/6 734/1008/6
f 757/1013/1690 731/1495/1690 732/1386/1690
f 732/1386/1691 758/1513/1691 759/1011/1691
f 759/1011/6 760/1514/6 761/1515/6
f 761/1515/6 762/1516/6 763/1012/6
f 763/1012/6 764/1517/6 757/1013/6
f 757/1013/1692 732/1386/1692 759/1011/1692
f 759/1011/6 761/1515/6 763/1012/6
f 666/1014/1693 734/1387/1693 733/1015/1693
f 692/1017/1694 760/1388/1694 759/1018/1694
f 680/1019/1695 748/1389/1695 747/886/1695
f 735/1020/1696 734/1387/1696 666/1014/1696
f 761/1022/1697 760/1388/1697 692/1017/1697
f 749/1024/1698 748/1389/1698 680/1019/1698
f 668/1026/1699 736/1390/1699 735/1020/1699
f 694/1027/1700 762/1391/1700 761/1028/1700
f 682/1030/513 750/1037/513 749/1024/513
f 737/1031/1701 736/1518/1701 668/1032/1701
f 763/1034/1702 762/1391/1702 694/1027/1702
f 683/1036/516 751/1392/516 750/1037/516
f 670/1038/1703 738/1393/1703 737/1031/1703
f 764/1039/518 763/1034/518 695/1035/518
f 752/1041/519 751/1392/519 683/1036/519
f 739/1043/520 738/1393/520 670/1038/520
f 757/1045/1704 764/1039/1704 696/1040/1704
f 685/1047/522 753/1394/522 752/1048/522
f 740/1050/1705 739/1043/1705 671/1044/1705
f 754/1052/1706 753/1394/1706 685/1047/1706
f 673/1054/1707 741/1395/1707 740/1050/1707
f 755/1055/1708 754/1052/1708 686/1053/1708
f 742/1057/1709 741/1395/1709 673/1054/1709
f 756/1059/1710 755/1055/1710 687/1056/1710
f 743/1061/1711 742/1057/1711 674/1058/1711
f 722/1063/1712 732/1396/1712 756/1059/1712
f 676/1064/1713 744/1397/1713 743/1061/1713
f 697/1065/1714 731/1398/1714 757/1066/1714
f 745/1068/1715 744/1519/1715 676/1069/1715
f 690/1071/1716 758/1399/1716 732/1072/1716
f 678/887/1717 746/1400/1717 745/1068/1717
f 733/1015/1718 731/1520/1718 697/1074/1718
f 800/1075/1719 776/1082/1719 775/1076/1719
f 772/1078/1720 771/1117/1720 797/1079/1720
f 796/1081/1721 777/1298/1721 776/1082/1721
f 448/1083/27 781/1083/27 780/1084/27
f 773/1086/1722 772/1078/1722 798/1080/1722
f 794/1088/1723 778/1147/1723 777/1089/1723
f 447/1085/27 780/1084/27 783/1091/27
f 804/1093/1724 805/1158/1724 779/1094/1724
f 450/1096/6 783/1521/6 784/1097/6
f 774/1099/1725 773/1303/1725 795/1100/1725
f 99/1102/27 448/1103/27 781/1103/27
f 791/1105/1726 769/1401/1726 768/1106/1726
f 765/1108/1727 767/1115/1727 788/1109/1727
f 802/1111/1728 770/1402/1728 769/1112/1728
f 775/1076/1729 774/1099/1729 792/1101/1729
f 449/1114/27 782/1522/27 781/1083/27
f 767/1115/1191 803/1403/1191 806/1116/1191
f 771/1117/1730 770/1402/1730 802/1111/1730
f 787/1118/1731 785/1404/1731 97/1119/1731
f 97/1119/1732 785/1404/1732 786/1121/1732
f 789/1110/1733 788/1109/1733 101/111/1733
f 103/1123/1734 791/1105/1734 790/1107/1734
f 104/1125/1735 802/1111/1735 791/1113/1735
f 799/1077/1736 792/1101/1736 109/1127/1736
f 788/1109/1737 793/1405/1737 119/1129/1737
f 105/1130/1738 797/1079/1738 802/1111/1738
f 792/1101/1739 795/1100/1739 107/794/1739
f 119/1129/1740 793/1405/1740 794/1088/1740
f 113/1131/1741 794/1088/1741 796/1090/1741
f 795/1087/1742 798/1080/1742 106/1133/1742
f 112/1135/1743 796/1081/1743 800/1075/1743
f 106/1133/1744 798/1080/1744 797/1079/1744
f 111/1136/1745 800/1075/1745 799/1077/1745
f 809/1137/566 812/1168/566 806/1138/566
f 814/1140/567 810/1153/567 804/1141/567
f 793/1143/1746 807/1159/1746 808/1144/1746
f 808/1146/1747 804/1523/1747 778/1147/1747
f 779/1094/1748 805/1158/1748 803/1148/1748
f 806/1150/1749 807/1159/1749 793/1143/1749
f 820/1152/572 816/1177/572 810/1153/572
f 813/1154/1750 819/1166/1750 820/1155/1750
f 810/1157/1214 811/1160/1214 805/1158/1214
f 806/1150/1751 812/1170/1751 813/1154/1751
f 811/1160/1213 809/1171/1213 803/1148/1213
f 807/1159/1752 813/1154/1752 814/1156/1752
f 823/1161/1215 821/1191/1215 815/1162/1215
f 818/1164/1753 824/1190/1753 825/1165/1753
f 815/1167/580 818/1179/580 812/1168/580
f 816/1169/1212 817/1163/1212 811/1160/1212
f 812/1170/1754 818/1164/1754 819/1166/1754
f 817/1163/1216 815/1162/1216 809/1171/1216
f 832/1172/584 828/1524/584 822/1173/584
f 825/1165/1755 831/1186/1755 832/1175/1755
f 819/1166/1756 825/1165/1756 826/1176/1756
f 826/1174/587 822/1173/587 816/1177/587
f 821/1178/588 824/1188/588 818/1179/588
f 822/1180/1218 823/1161/1218 817/1163/1218
f 835/1181/1219 833/1212/1219 827/1182/1219
f 830/1184/1757 836/1209/1757 837/1185/1757
f 827/1187/592 830/1525/592 824/1188/592
f 828/1189/1217 829/1183/1217 823/1161/1217
f 824/1190/1758 830/1184/1758 831/1186/1758
f 829/1183/1220 827/1182/1220 821/1191/1220
f 844/1192/596 840/1526/596 834/1193/596
f 837/1185/1759 843/1210/1759 844/1195/1759
f 831/1186/1760 837/1185/1760 838/1196/1760
f 838/1194/599 834/1193/599 828/1197/599
f 833/1199/600 836/1207/600 830/1200/600
f 834/1202/1222 835/1181/1222 829/1183/1222
f 841/1203/602 840/1526/602 844/1192/602
f 842/1205/603 839/1406/603 841/1203/603
f 839/1206/604 842/1527/604 836/1207/604
f 840/1208/1221 841/1211/1221 835/1181/1221
f 836/1209/1761 842/1407/1761 843/1210/1761
f 841/1211/1223 839/1528/1223 833/1212/1223
f 863/1213/608 862/1529/608 846/1214/608
f 864/1216/609 861/1530/609 845/1217/609
f 868/1219/610 869/1257/610 852/1220/610
f 865/1222/611 868/1531/611 851/1223/611
f 853/1225/610 855/1532/610 44/1226/610
f 854/1228/612 853/1225/612 46/1227/612
f 860/1230/608 858/1233/608 55/1231/608
f 858/1233/613 859/1533/613 52/1234/613
f 853/1235/6 854/1409/6 845/1236/6
f 846/1238/6 855/1408/6 853/1235/6
f 856/1239/6 855/1408/6 846/1238/6
f 845/1236/6 854/1409/6 857/1241/6
f 850/1243/6 859/1410/6 858/1244/6
f 858/1244/6 860/1411/6 851/1246/6
f 857/1241/6 859/1410/6 850/1243/6
f 851/1246/6 860/1411/6 856/1239/6
f 866/1247/6 865/1253/6 862/1248/6
f 864/1250/6 866/1247/6 863/1249/6
f 869/1252/6 868/1534/6 865/1253/6
f 867/1254/6 869/1252/6 866/1247/6
f 867/1255/614 864/1216/614 848/1218/614
f 869/1257/615 867/1535/615 850/1258/615
f 862/1259/616 865/1222/616 849/1224/616
f 861/1261/617 863/1213/617 847/1215/617
f 879/1263/6 880/73/6 895/1264/6
f 881/1266/6 882/1268/6 880/73/6
f 883/1267/1762 884/46/1762 882/1268/1762
f 871/1269/1763 881/1266/1763 879/1263/1763
f 876/1271/1764 877/1278/1764 887/1272/1764
f 889/1274/1765 888/1277/1765 878/1275/1765
f 888/1277/1766 887/1272/1766 877/1278/1766
f 870/1270/1767 879/1263/1767 896/1265/1767
f 873/1280/1768 874/1282/1768 887/1272/1768
f 872/1281/1769 873/1280/1769 888/1277/1769
f 886/1273/1770 887/1272/1770 874/1282/1770
f 881/1266/1771 889/1274/1771 885/1276/1771
f 889/1274/1772 881/1266/1772 871/1269/1772
f 61/493/629 874/1412/629 873/1284/629
f 68/42/630 880/73/630 882/1268/630
f 61/1285/1773 874/1413/1773 890/1286/1773
f 875/1288/632 874/1412/632 61/493/632
f 876/1289/633 886/1536/633 87/1290/633
f 75/93/1774 884/92/1774 891/1292/1774
f 885/1293/635 878/84/635 65/86/635
f 877/1295/636 876/1537/636 63/505/636
f 778/1147/638 900/1538/638 899/1297/638
f 777/1298/639 899/1539/639 898/1299/639
f 775/1076/640 776/1082/640 898/1299/640
f 774/1099/641 775/1076/641 903/1301/641
f 773/1303/1244 774/1099/1244 902/1302/1244
f 789/1110/1775 98/1122/1775 786/1121/1775
f 779/1094/643 767/1149/643 905/1304/643
f 779/1094/644 907/1305/644 906/1306/644
f 767/1115/27 765/1108/27 904/1108/27
f 911/1/1776 909/3/1776 913/2/1776
f 909/3/1777 910/5/1777 914/4/1777
f 908/6/1778 911/1/1778 915/7/1778
f 935/9/652 939/11/652 941/8/652
f 936/12/1779 940/17/1779 939/11/1779
f 939/11/27 943/16/27 945/13/27
f 941/8/27 945/13/27 942/14/27
f 940/17/27 944/21/27 943/16/27
f 943/16/27 947/20/27 949/18/27
f 945/13/27 949/18/27 946/19/27
f 944/21/27 948/24/27 947/20/27
f 947/20/27 951/23/27 953/22/27
f 946/19/27 949/18/27 953/22/27
f 948/24/27 952/26/27 951/23/27
f 952/26/27 957/37/27 956/25/27
f 955/28/7 1582/40/7 1584/27/7
f 960/31/8 1585/1414/8 1581/30/8
f 955/34/1780 958/126/1780 954/33/1780
f 957/37/27 961/67/27 960/36/27
f 956/32/10 1581/30/10 1580/38/10
f 950/41/11 1579/1415/11 1582/40/11
f 1305/43/1781 973/48/1781 975/42/1781
f 978/45/656 982/47/656 1609/46/656
f 973/48/1782 976/52/1782 978/45/1782
f 1308/49/658 1306/51/658 1616/50/658
f 976/52/1783 980/53/1783 982/47/1783
f 977/54/1784 981/125/1784 980/53/1784
f 967/55/661 966/57/661 1597/56/661
f 966/57/662 965/59/662 1596/58/662
f 1001/60/1785 986/62/1785 987/61/1785
f 1020/64/1786 1026/120/1786 1025/63/1786
f 1307/65/1787 961/67/1787 1023/66/1787
f 988/68/1788 986/62/1788 989/69/1788
f 999/70/1789 992/72/1789 993/71/1789
f 1306/44/669 975/42/669 1605/73/669
f 969/78/1790 1600/1417/1790 1611/77/1790
f 1304/80/1791 1308/49/1791 1617/81/1791
f 965/59/672 964/83/672 1595/82/672
f 971/85/673 1602/1418/673 1603/84/673
f 983/88/674 1610/1419/674 1608/87/674
f 964/83/675 1304/91/675 1615/90/675
f 979/89/676 1608/87/676 1609/92/676
f 989/95/1792 986/840/1792 997/94/1792
f 995/97/1793 998/193/1793 1309/96/1793
f 1319/99/1794 1320/808/1794 999/70/1794
f 1002/100/27 1000/102/27 1023/66/27
f 1312/101/1795 1023/66/1795 1000/102/1795
f 1003/103/1796 995/97/1796 1000/102/1796
f 974/104/1797 1314/106/1797 1317/105/1797
f 1310/107/680 1000/102/680 995/97/680
f 1002/100/1798 1008/1420/1798 1007/108/1798
f 1007/109/1799 1008/111/1799 1005/110/1799
f 934/402/1800 933/1421/1800 1015/114/1800
f 1015/114/1801 1016/1426/1801 1372/1425/1801
f 1372/1425/1802 1398/1428/1802 1399/1427/1802
f 1372/1425/1803 1399/1427/1803 1400/1429/1803
f 1371/1422/1804 934/402/1804 1015/114/1804
f 1404/1424/1805 1397/1423/1805 1371/1422/1805
f 1404/1424/1806 1371/1422/1806 1015/114/1806
f 1015/114/1807 1372/1425/1807 1400/1429/1807
f 1015/114/1808 1400/1429/1808 1401/113/1808
f 1403/1312/1809 1404/1424/1809 1015/114/1809
f 1015/114/1810 1401/113/1810 1402/112/1810
f 934/402/1811 1371/1422/1811 1373/1433/1811
f 934/402/1812 1373/1433/1812 1374/1434/1812
f 1372/1425/1813 1016/1426/1813 1017/117/1813
f 1395/1431/1814 1396/1430/1814 1372/1425/1814
f 1394/1432/1815 1395/1431/1815 1372/1425/1815
f 934/402/1816 1374/1434/1816 1375/1436/1816
f 934/402/1817 1375/1436/1817 1376/1437/1817
f 1394/1432/1818 1372/1425/1818 1017/117/1818
f 1393/1435/1819 1394/1432/1819 1017/117/1819
f 934/402/1820 1376/1437/1820 1377/1440/1820
f 934/402/1821 1377/1440/1821 1378/1441/1821
f 1392/1438/1822 1393/1435/1822 1017/117/1822
f 1391/1439/1823 1392/1438/1823 1017/117/1823
f 936/12/1824 934/402/1824 1378/1441/1824
f 936/12/1825 1378/1441/1825 1379/1444/1825
f 1390/1442/1826 1391/1439/1826 1017/117/1826
f 1389/1443/1827 1390/1442/1827 1017/117/1827
f 936/12/1828 1379/1444/1828 1380/1447/1828
f 936/12/1829 1380/1447/1829 1381/1448/1829
f 1388/1445/1830 1389/1443/1830 1017/117/1830
f 1387/1446/1831 1388/1445/1831 1017/117/1831
f 936/12/1832 1381/1448/1832 1382/1450/1832
f 936/12/1833 1382/1450/1833 1383/1451/1833
f 1387/1446/1834 1017/117/1834 936/12/1834
f 1386/1449/1835 1387/1446/1835 936/12/1835
f 936/12/1836 1383/1451/1836 1384/116/1836
f 1385/115/1837 1386/1449/1837 936/12/1837
f 936/12/1838 1017/117/1838 944/21/1838
f 948/24/1839 944/21/1839 1017/117/1839
f 952/26/1840 948/24/1840 1018/118/1840
f 957/37/1841 952/26/1841 1019/119/1841
f 1026/120/1842 1008/1420/1842 1002/100/1842
f 990/122/1843 1022/1452/1843 1021/121/1843
f 1025/63/27 1023/66/27 961/67/27
f 985/124/1844 984/1453/1844 1024/123/1844
f 1024/123/1845 984/1453/1845 981/125/1845
f 958/126/1846 955/34/1846 959/127/1846
f 1093/129/695 1030/131/695 1028/128/695
f 1094/132/696 1032/133/696 1030/131/696
f 1095/134/697 1034/1314/697 1032/133/697
f 1095/134/698 1096/136/698 1036/135/698
f 1097/138/699 1038/1315/699 1036/137/699
f 1097/138/1847 1098/141/1847 1040/140/1847
f 1098/141/1848 1099/143/1848 1042/142/1848
f 1101/145/1849 1046/1316/1849 1044/144/1849
f 1101/145/1850 1102/148/1850 1048/147/1850
f 1103/149/704 1050/1454/704 1048/147/704
f 1104/151/705 1052/1317/705 1050/150/705
f 1104/151/706 1105/154/706 1054/153/706
f 1106/155/707 1056/1318/707 1054/153/707
f 1106/155/708 1092/130/708 1028/128/708
f 1123/157/709 1060/159/709 1058/156/709
f 1124/160/710 1062/1319/710 1060/159/710
f 1124/160/711 1125/162/711 1064/161/711
f 1125/162/712 1126/164/712 1066/163/712
f 1127/167/713 1068/166/713 1066/1320/713
f 1128/168/1851 1070/1321/1851 1068/166/1851
f 1128/168/1852 1129/170/1852 1071/169/1852
f 426/171/1853 1130/173/1853 1074/172/1853
f 1131/174/1854 1076/175/1854 1074/172/1854
f 1132/176/718 1078/1455/718 1076/175/718
f 1132/177/719 1133/179/719 1080/178/719
f 1134/180/720 1082/181/720 1080/178/720
f 1134/180/721 1135/182/721 1084/183/721
f 1122/158/722 1058/156/722 1084/183/722
f 1069/184/1855 1142/186/1855 238/185/1855
f 992/187/1856 999/868/1856 1309/96/1856
f 1309/96/1857 998/193/1857 1085/188/1857
f 1085/188/1858 1086/1456/1858 992/187/1858
f 1091/192/1859 1090/616/1859 1088/191/1859
f 998/193/1860 995/97/1860 1088/194/1860
f 1089/195/1861 1088/194/1861 995/97/1861
f 1093/197/729 1092/228/729 1027/196/729
f 1031/199/730 1094/201/730 1093/200/730
f 1095/203/731 1094/201/731 1031/199/731
f 1096/205/732 1095/203/732 1033/202/732
f 1037/206/733 1097/207/733 1096/205/733
f 1039/208/734 1098/209/734 1097/207/734
f 1099/211/1862 1098/1457/1862 1039/210/1862
f 1101/214/1863 1100/606/1863 1043/213/1863
f 1102/217/737 1101/1458/737 1045/216/737
f 1049/219/738 1103/220/738 1102/217/738
f 1104/222/739 1103/220/739 1049/219/739
f 1053/223/740 1105/224/740 1104/222/740
f 1055/225/741 1106/226/741 1105/224/741
f 1092/228/742 1106/227/742 1055/251/742
f 1043/213/1864 1115/230/1864 1116/229/1864
f 1116/229/744 1117/235/744 1047/231/744
f 1027/196/745 1107/233/745 1108/232/745
f 1117/235/1865 1118/1459/1865 1049/234/1865
f 1108/232/747 1109/236/747 1031/241/747
f 1118/238/748 1119/243/748 1051/237/748
f 1031/241/749 1109/236/749 1110/245/749
f 1051/237/750 1119/243/750 1120/242/750
f 1110/245/751 1111/1460/751 1035/244/751
f 1053/246/752 1120/242/752 1121/247/752
f 1035/248/753 1111/250/753 1112/249/753
f 1121/247/754 1107/233/754 1027/196/754
f 1112/249/1866 1113/253/1866 1039/210/1866
f 1039/210/1867 1113/253/1867 1114/254/1867
f 1059/255/757 1123/257/757 1122/256/757
f 1061/258/758 1124/259/758 1123/257/758
f 1063/260/1868 1125/261/1868 1124/259/1868
f 1065/263/760 1126/262/760 1125/261/760
f 1067/264/1869 1127/265/1869 1126/262/1869
f 1128/266/1870 1127/265/1870 1067/264/1870
f 1129/268/1871 1128/266/1871 1069/267/1871
f 1130/271/1872 426/1461/1872 166/270/1872
f 1131/273/765 1130/271/765 1073/272/765
f 1132/275/1873 1131/273/1873 1075/274/1873
f 1079/277/767 1133/278/767 1132/275/767
f 1081/279/1874 1134/280/1874 1133/278/1874
f 1083/281/769 1135/282/769 1134/280/769
f 1057/283/770 1122/256/770 1135/282/770
f 239/285/1875 1143/288/1875 1073/284/1875
f 1143/288/772 1144/293/772 1075/287/772
f 1057/291/773 1136/290/773 1137/295/773
f 1075/287/774 1144/293/774 1145/292/774
f 1137/295/775 1138/300/775 1061/294/775
f 1077/296/776 1145/298/776 1146/297/776
f 1138/300/777 1139/304/777 1063/299/777
f 1146/297/778 1147/306/778 1081/301/778
f 1063/299/779 1139/304/779 1140/303/779
f 1147/306/780 1148/310/780 1083/305/780
f 1140/308/781 1141/311/781 1067/307/781
f 1148/310/782 1136/290/782 1057/291/782
f 1067/307/783 1141/311/783 1142/186/783
f 1150/316/1876 1152/319/1876 1151/315/1876
f 1151/315/1877 1152/319/1877 1154/318/1877
f 1153/320/1878 1154/318/1878 1156/321/1878
f 1155/322/1879 1156/321/1879 1158/323/1879
f 1158/323/1880 1160/327/1880 1159/324/1880
f 1160/327/1881 1162/329/1881 1161/326/1881
f 1162/329/1882 1164/331/1882 1163/328/1882
f 1164/331/1883 1166/333/1883 1165/330/1883
f 1166/333/1884 1168/335/1884 1167/332/1884
f 1168/335/1885 1170/356/1885 1169/334/1885
f 1170/337/1886 1172/340/1886 1171/336/1886
f 1172/340/1887 1174/1462/1887 1173/339/1887
f 1174/342/1888 1176/359/1888 1175/341/1888
f 1175/344/1889 1176/345/1889 1177/312/1889
f 912/346/1890 1152/319/1890 1150/316/1890
f 916/348/1891 1154/318/1891 1152/319/1891
f 918/349/1892 1156/321/1892 1154/318/1892
f 920/350/1893 1158/323/1893 1156/321/1893
f 920/350/1894 922/351/1894 1160/327/1894
f 922/351/1895 924/352/1895 1162/329/1895
f 924/352/1896 926/353/1896 1164/331/1896
f 926/353/1897 928/354/1897 1166/333/1897
f 928/354/1898 930/355/1898 1168/335/1898
f 930/355/1899 932/357/1899 1170/356/1899
f 938/358/1900 942/360/1900 1176/359/1900
f 942/360/1901 946/362/1901 1177/361/1901
f 950/35/1902 954/33/1902 1177/361/1902
f 1181/367/1903 1182/369/1903 1180/366/1903
f 1183/370/1904 1184/1328/1904 1182/369/1904
f 1183/370/1905 1185/372/1905 1186/371/1905
f 1185/372/1906 1187/374/1906 1188/373/1906
f 1187/374/1907 1189/376/1907 1190/375/1907
f 1189/376/1908 1191/378/1908 1192/377/1908
f 1191/378/1909 1193/380/1909 1194/379/1909
f 1193/380/1910 1195/382/1910 1196/381/1910
f 1195/382/1911 1198/384/1911 1197/383/1911
f 910/5/1912 1180/386/1912 1182/385/1912
f 1182/385/1913 1184/389/1913 917/387/1913
f 917/387/1914 1184/389/1914 1186/388/1914
f 1186/388/1915 1188/393/1915 921/390/1915
f 1188/393/1916 1190/395/1916 923/392/1916
f 1190/395/1917 1192/397/1917 925/394/1917
f 1192/397/1918 1194/399/1918 927/396/1918
f 1194/399/1919 1196/401/1919 929/398/1919
f 1196/401/1920 1197/403/1920 931/400/1920
f 1197/403/1921 933/1421/1921 934/402/1921
f 1200/404/27 1199/406/27 1201/405/27
f 1201/405/27 1203/410/27 1204/407/27
f 1203/410/27 1205/412/27 1206/409/27
f 1205/412/27 1207/414/27 1208/411/27
f 1207/414/27 1209/416/27 1210/413/27
f 1209/416/27 1211/418/27 1212/415/27
f 1211/418/27 1213/420/27 1214/417/27
f 1213/420/27 1215/435/27 1216/419/27
f 1217/421/1922 1218/423/1922 1219/422/1922
f 1218/425/1923 1217/1463/1923 1221/424/1923
f 1222/428/1924 1221/726/1924 1226/427/1924
f 1223/430/835 1227/429/835 1226/427/835
f 1170/356/1925 932/357/1925 1217/432/1925
f 1217/432/1926 1220/431/1926 1172/1330/1926
f 1220/431/27 1219/1464/27 938/358/27
f 938/358/1927 1174/342/1927 1172/1330/1927
f 937/10/1928 1218/423/1928 1222/428/1928
f 938/15/1929 1219/422/1929 1218/423/1929
f 1218/423/1930 937/10/1930 941/8/1930
f 937/10/840 1227/429/840 1223/430/840
f 935/9/1931 1223/430/1931 1225/433/1931
f 1216/419/842 1215/435/842 1224/434/842
f 1155/436/1932 327/438/1932 326/437/1932
f 332/440/1933 331/456/1933 1163/439/1933
f 337/442/1934 336/457/1934 1173/339/1934
f 325/444/1935 477/1465/1935 1149/443/1935
f 330/447/1936 329/458/1936 1159/446/1936
f 335/449/1937 334/459/1937 1169/338/1937
f 1157/450/1938 328/451/1938 327/438/1938
f 333/452/1939 332/440/1939 1165/441/1939
f 338/454/1940 337/442/1940 1175/344/1940
f 1153/455/1941 326/437/1941 325/444/1941
f 331/456/1942 330/447/1942 1161/448/1942
f 336/457/1943 335/449/1943 1171/336/1943
f 329/458/1944 328/451/1944 1157/450/1944
f 334/459/1945 333/452/1945 1167/453/1945
f 963/463/1946 383/465/1946 340/464/1946
f 984/470/1947 355/482/1947 352/469/1947
f 1304/91/1948 964/83/1948 341/472/1948
f 964/83/1949 965/59/1949 342/476/1949
f 965/59/1950 966/57/1950 343/479/1950
f 985/483/1951 356/1333/1951 355/482/1951
f 966/57/1952 967/55/1952 344/484/1952
f 983/88/1953 354/496/1953 349/487/1953
f 1099/143/1954 364/490/1954 363/489/1954
f 365/491/1955 362/513/1955 1041/212/1955
f 967/55/1956 968/493/1956 345/492/1956
f 979/89/1957 350/523/1957 354/496/1957
f 958/497/1958 340/464/1958 339/498/1958
f 969/499/1959 346/1467/1959 345/492/1959
f 969/78/1960 994/79/1960 359/502/1960
f 985/483/1961 987/504/1961 357/503/1961
f 970/505/1962 347/1334/1962 359/502/1962
f 970/505/1963 971/509/1963 348/508/1963
f 1041/212/1964 362/513/1964 364/512/1964
f 972/488/1965 349/487/1965 348/508/1965
f 987/504/1966 988/517/1966 358/516/1966
f 1021/518/238 1022/520/238 361/519/238
f 982/93/1967 353/529/1967 350/523/1967
f 981/471/880 352/469/880 351/526/880
f 1021/518/1968 360/1335/1968 358/516/1968
f 980/527/882 351/526/882 353/529/882
f 443/587/1441 361/1474/1441 1022/586/1441
f 339/498/1969 379/1477/1969 1178/313/1969
f 1044/144/1970 422/600/1970 424/599/1970
f 1043/213/1971 428/602/1971 430/601/1971
f 1100/606/1972 429/607/1972 428/602/1972
f 1115/230/1973 430/601/1973 434/610/1973
f 1091/192/1974 1087/189/1974 459/614/1974
f 1193/380/1975 1191/378/1975 473/615/1975
f 1090/616/252 1091/192/252 462/617/252
f 990/588/1976 989/619/1976 442/618/1976
f 1185/372/1977 1183/370/1977 469/620/1977
f 1003/621/1978 1007/623/1978 449/622/1978
f 1149/624/1979 463/626/1979 464/625/1979
f 1015/627/1980 933/629/1980 441/628/1980
f 998/630/1981 1090/616/1981 461/631/1981
f 1195/382/1982 1193/380/1982 474/632/1982
f 1150/633/1983 464/625/1983 437/634/1983
f 1089/190/1984 1003/621/1984 446/635/1984
f 1187/374/1985 1185/372/1985 470/636/1985
f 1198/384/1986 476/639/1986 441/637/1986
f 1195/382/1987 475/1338/1987 476/639/1987
f 1085/641/1461 457/1340/1461 458/640/1461
f 1189/376/1988 1187/374/1988 471/643/1988
f 1085/641/1989 998/630/1989 445/644/1989
f 1179/368/1990 467/751/1990 468/645/1990
f 444/647/1991 442/1478/1991 989/646/1991
f 1087/189/1992 1089/190/1992 460/649/1992
f 1191/378/1993 1189/376/1993 472/650/1993
f 1181/367/1994 468/645/1994 469/620/1994
f 1006/652/1995 448/777/1995 449/651/1995
f 444/654/1996 993/656/1996 1086/655/1996
f 1129/170/1997 480/663/1997 479/662/1997
f 1229/671/1998 1230/679/1998 1235/670/1998
f 1233/673/1999 1231/675/1999 1232/674/1999
f 1231/675/921 1236/672/921 1235/670/921
f 1239/676/2000 1240/680/2000 1233/673/2000
f 1238/678/2001 1230/679/2001 1229/671/2001
f 1243/681/2002 1244/714/2002 1240/680/2002
f 1242/682/2003 1238/678/2003 1237/683/2003
f 1243/681/2004 1247/685/2004 1248/684/2004
f 1242/682/2005 1241/716/2005 1245/686/2005
f 1247/685/2006 1251/689/2006 1252/688/2006
f 1250/690/2007 1246/687/2007 1245/686/2007
f 1251/689/2008 1255/692/2008 1256/691/2008
f 1254/693/2009 1250/690/2009 1249/694/2009
f 1255/692/2010 1259/696/2010 1260/695/2010
f 1258/697/2011 1254/693/2011 1253/698/2011
f 1259/696/2012 1263/700/2012 1264/699/2012
f 1262/701/2013 1258/697/2013 1257/702/2013
f 1263/700/2014 1267/704/2014 1268/703/2014
f 1266/705/2015 1262/701/2015 1261/706/2015
f 1269/667/2016 1266/705/2016 1265/707/2016
f 1273/708/2017 1268/703/2017 1267/704/2017
f 1275/709/2018 1274/727/2018 1273/708/2018
f 915/7/2019 1235/670/2019 1230/679/2019
f 1229/671/2020 1236/672/2020 1200/404/2020
f 912/711/2021 1230/679/2021 1238/678/2021
f 913/2/2022 914/4/2022 1234/677/2022
f 1233/673/2023 1240/680/2023 1199/406/2023
f 915/7/946 913/2/946 1232/674/946
f 1236/672/947 1231/675/947 1199/406/947
f 917/387/2024 1239/676/2024 1234/677/2024
f 916/712/2025 1238/678/2025 1242/682/2025
f 1237/683/2026 1200/404/2026 1202/408/2026
f 919/391/2027 1243/681/2027 1239/676/2027
f 1199/406/2028 1240/680/2028 1244/714/2028
f 918/713/2029 1242/682/2029 1246/687/2029
f 1241/716/2030 1202/408/2030 1204/407/2030
f 919/391/2031 921/390/2031 1247/685/2031
f 1244/714/2032 1248/684/2032 1203/410/2032
f 922/717/2033 920/715/2033 1246/687/2033
f 1204/407/958 1206/409/958 1249/694/958
f 921/390/2034 923/392/2034 1251/689/2034
f 1248/684/960 1252/688/960 1205/412/960
f 924/718/2035 922/717/2035 1250/690/2035
f 1206/409/2036 1208/411/2036 1253/698/2036
f 923/392/2037 925/394/2037 1255/692/2037
f 1252/688/2038 1256/691/2038 1207/414/2038
f 926/719/2039 924/718/2039 1254/693/2039
f 1208/411/2040 1210/413/2040 1257/702/2040
f 925/394/2041 927/396/2041 1259/696/2041
f 1256/691/2042 1260/695/2042 1209/416/2042
f 928/720/2043 926/719/2043 1258/697/2043
f 1210/413/974 1212/415/974 1261/706/974
f 927/396/2044 929/398/2044 1263/700/2044
f 1260/695/2045 1264/699/2045 1211/418/2045
f 930/721/2046 928/720/2046 1262/701/2046
f 1212/415/2047 1214/417/2047 1265/707/2047
f 929/398/2048 931/400/2048 1267/704/2048
f 1264/699/2049 1268/703/2049 1213/420/2049
f 932/722/2050 930/721/2050 1266/705/2050
f 1214/417/2051 1216/419/2051 1270/669/2051
f 1268/703/2052 1273/708/2052 1215/435/2052
f 931/400/2053 934/402/2053 1272/710/2053
f 1221/723/2054 1217/1479/2054 932/725/2054
f 932/725/2055 1269/724/2055 1271/1343/2055
f 1221/726/2056 1271/668/2056 1270/669/2056
f 1270/669/2057 1216/419/2057 1226/427/2057
f 1272/710/2058 934/402/2058 936/12/2058
f 936/12/2059 1225/433/2059 1275/709/2059
f 1215/435/2060 1273/708/2060 1274/727/2060
f 1275/709/2061 1225/433/2061 1223/430/2061
f 1223/430/2062 1224/434/2062 1274/727/2062
f 1283/728/2063 1278/730/2063 1279/729/2063
f 1278/730/2064 1280/732/2064 1281/731/2064
f 1276/733/2065 1283/728/2065 1282/734/2065
f 1287/735/2066 1285/737/2066 1284/736/2066
f 1286/738/2067 1281/731/2067 1280/732/2067
f 436/739/1542 1276/1480/1542 1277/741/1542
f 1277/741/2068 908/740/2068 437/1345/2068
f 1277/742/2069 1282/743/2069 911/1/2069
f 1276/733/2070 436/1481/2070 440/744/2070
f 1278/730/2071 1283/728/2071 440/744/2071
f 1282/743/2072 1279/745/2072 909/3/2072
f 1279/745/2073 1281/746/2073 910/5/2073
f 1278/730/2074 438/1346/2074 439/747/2074
f 1281/746/2075 1286/748/2075 1180/386/2075
f 1287/735/2076 1280/732/2076 439/747/2076
f 1285/737/2077 1287/735/2077 466/749/2077
f 1284/750/2078 1179/368/2078 1180/366/2078
f 467/751/2079 1179/368/2079 1284/750/2079
f 1284/750/2080 1285/752/2080 465/1349/2080
f 1289/755/2081 1288/753/2081 1291/759/2081
f 1294/761/2082 1292/763/2082 1291/762/2082
f 1296/764/2083 1294/766/2083 1293/765/2083
f 1298/767/2084 1296/764/2084 1295/768/2084
f 1300/769/2085 1298/767/2085 1297/770/2085
f 1301/756/2086 1300/769/2086 1299/771/2086
f 1004/772/2087 1009/779/2087 1291/762/2087
f 1290/774/2088 1006/1482/2088 1005/775/2088
f 1005/775/2089 1004/772/2089 1288/773/2089
f 1292/760/2090 450/780/2090 447/776/2090
f 448/777/2091 1006/652/2091 1290/754/2091
f 1290/754/2092 1289/755/2092 447/776/2092
f 1009/779/2093 1010/783/2093 1293/778/2093
f 1294/781/2094 451/1483/2094 450/780/2094
f 1010/783/2095 1011/786/2095 1295/782/2095
f 1294/766/2096 1296/764/2096 452/784/2096
f 1011/786/2097 1012/789/2097 1297/785/2097
f 1296/764/2098 1298/767/2098 453/787/2098
f 1012/789/2099 1013/792/2099 1299/788/2099
f 1298/767/2100 1300/769/2100 454/790/2100
f 1013/792/2101 1014/1484/2101 1302/791/2101
f 1301/756/2102 455/796/2102 454/790/2102
f 1015/793/2103 1303/1485/2103 1302/795/2103
f 1302/795/2104 1014/794/2104 1016/1127/2104
f 455/796/2105 1301/756/2105 1303/757/2105
f 1303/757/2106 1015/627/2106 456/1337/2106
f 1304/801/2107 567/1486/2107 383/800/2107
f 963/803/2108 959/805/2108 1308/804/2108
f 962/806/27 1306/44/27 1308/804/27
f 961/67/2109 1307/65/2109 1305/43/2109
f 960/36/2110 1305/43/2110 1306/44/2110
f 1321/810/27 1346/812/27 1348/809/27
f 1315/811/2111 1348/809/2111 1317/813/2111
f 1331/818/2112 1350/820/2112 1349/819/2112
f 1333/821/2113 1351/822/2113 1350/820/2113
f 1328/823/2114 1349/819/2114 1325/824/2114
f 977/54/2115 976/52/2115 1323/826/2115
f 1314/827/2116 1324/1352/2116 1323/826/2116
f 973/48/2117 1313/828/2117 1323/826/2117
f 977/829/2118 1324/825/2118 1333/821/2118
f 974/830/2119 977/832/2119 1324/831/2119
f 991/830/2120 1317/833/2120 1324/831/2120
f 1348/809/2121 1351/822/2121 1324/825/2121
f 1328/835/2122 1326/1487/2122 986/834/2122
f 1326/837/2123 986/1488/2123 1001/839/2123
f 1001/839/2124 1331/838/2124 1327/1354/2124
f 1325/824/2125 1319/99/2125 997/94/2125
f 1325/824/2126 997/94/2126 986/840/2126
f 1319/99/2127 1325/824/2127 1349/819/2127
f 1355/843/2128 1353/849/2128 1318/842/2128
f 1001/845/2129 1331/846/2129 1328/835/2129
f 1024/847/2130 1333/821/2130 1331/818/2130
f 1353/849/2131 1354/877/2131 1322/848/2131
f 1342/851/1052 1343/855/1052 1340/850/1052
f 1341/852/1052 1340/850/1052 1344/853/1052
f 1339/856/2132 1338/870/2132 1343/855/2132
f 1345/854/1052 1344/853/1052 1336/857/1052
f 1335/859/2133 1334/863/2133 1337/858/2133
f 1307/861/2134 1337/1489/2134 1334/860/2134
f 1313/828/2135 973/48/2135 1305/43/2135
f 1305/43/2136 1334/863/2136 1335/859/2136
f 1336/857/2137 1314/827/2137 1313/828/2137
f 1312/101/1058 1345/854/1058 1337/858/1058
f 1314/827/2138 1336/857/2138 1344/853/2138
f 1311/864/2139 1309/866/2139 1339/865/2139
f 1339/856/2140 1309/96/2140 999/868/2140
f 999/868/2141 1320/867/2141 1338/870/2141
f 1347/869/2142 1343/855/2142 1338/870/2142
f 1311/98/1058 1342/851/1058 1341/852/1058
f 1315/871/1063 1344/853/1063 1340/850/1063
f 1321/872/1063 1340/850/1063 1343/855/1063
f 1310/107/1058 1341/852/1058 1345/854/1058
f 1346/812/2143 1347/807/2143 1318/842/2143
f 1316/873/2144 1348/809/2144 1346/812/2144
f 1329/844/2145 1349/819/2145 1350/820/2145
f 1350/820/2146 1351/822/2146 1332/874/2146
f 1351/822/2147 1348/809/2147 1316/873/2147
f 1347/807/2148 1349/819/2148 1329/844/2148
f 1353/849/2149 1355/843/2149 1356/876/2149
f 1354/877/1072 1356/876/1072 1357/878/1072
f 1357/878/2150 1356/876/2150 1330/875/2150
f 1322/848/2151 1354/877/2151 1352/879/2151
f 1352/879/2152 1357/878/2152 1332/874/2152
f 1330/875/2153 1356/876/2153 1355/843/2153
f 1396/880/2154 1395/882/2154 1462/881/2154
f 1381/884/2155 1448/1370/2155 1449/883/2155
f 1420/887/2156 1488/1400/2156 1489/886/2156
f 1433/889/2157 1432/891/2157 1500/890/2157
f 1382/885/2158 1449/883/2158 1450/892/2158
f 1372/894/2159 1396/896/2159 1463/895/2159
f 1384/897/2160 1383/893/2160 1450/892/2160
f 1397/899/2161 1465/1368/2161 1405/898/2161
f 1384/902/2162 1451/1490/2162 1452/901/2162
f 1398/904/2163 1372/906/2163 1406/905/2163
f 1386/907/2164 1385/903/2164 1452/901/2164
f 1373/908/2165 1371/910/2165 1405/909/2165
f 1398/904/2166 1466/1360/2166 1467/911/2166
f 1386/907/2167 1453/1361/2167 1454/913/2167
f 1373/916/2168 1440/1491/2168 1441/915/2168
f 1400/918/2169 1399/912/2169 1467/911/2169
f 1388/919/2170 1387/914/2170 1454/913/2170
f 1374/917/2171 1441/915/2171 1442/920/2171
f 1400/918/2172 1468/1363/2172 1469/922/2172
f 1388/919/2173 1455/1364/2173 1456/924/2173
f 1376/926/2174 1375/921/2174 1442/920/2174
f 1401/928/2175 1469/1492/2175 1470/927/2175
f 1389/925/2176 1456/924/2176 1457/930/2176
f 1376/933/2177 1443/1493/2177 1444/932/2177
f 1403/935/2178 1402/929/2178 1470/927/2178
f 1391/936/1102 1390/931/1102 1457/930/1102
f 1378/937/2179 1377/934/2179 1444/932/2179
f 1404/938/1104 1403/935/1104 1471/939/1104
f 1392/940/1105 1391/936/1105 1458/941/1105
f 1378/937/2180 1445/1366/2180 1446/942/2180
f 1397/899/2181 1404/938/2181 1472/944/2181
f 1393/945/1108 1392/947/1108 1459/946/1108
f 1379/943/2182 1446/942/2182 1447/948/2182
f 1393/945/2183 1460/1369/2183 1461/950/2183
f 1381/884/2184 1380/949/2184 1447/948/2184
f 1395/882/2185 1394/951/2185 1461/950/2185
f 1407/953/2186 1440/1371/2186 1405/952/2186
f 1407/953/2187 1408/956/2187 1441/955/2187
f 1409/957/1115 1442/1372/1115 1441/955/1115
f 1409/957/2188 1410/959/2188 1443/958/2188
f 1411/960/1117 1444/1373/1117 1443/958/1117
f 1411/960/1118 1412/962/1118 1445/961/1118
f 1413/963/1119 1446/964/1119 1445/961/1119
f 1414/965/2189 1447/1374/2189 1446/964/2189
f 1414/965/2190 1415/967/2190 1448/966/2190
f 1416/968/1122 1449/969/1122 1448/966/1122
f 1417/970/2191 1450/1375/2191 1449/969/2191
f 1417/970/1124 1418/972/1124 1451/971/1124
f 1419/973/2192 1452/1376/2192 1451/971/2192
f 1419/973/2193 1420/975/2193 1453/974/2193
f 1421/976/2194 1454/1377/2194 1453/974/2194
f 1421/976/2195 1422/978/2195 1455/977/2195
f 1423/979/2196 1456/1378/2196 1455/977/2196
f 1423/979/2197 1424/981/2197 1457/980/2197
f 1424/981/2198 1425/983/2198 1458/982/2198
f 1426/984/1132 1459/1379/1132 1458/982/1132
f 1426/984/1133 1427/986/1133 1460/985/1133
f 1428/987/2199 1461/1380/2199 1460/985/2199
f 1428/987/1135 1429/989/1135 1462/988/1135
f 1429/989/2200 1430/991/2200 1463/990/2200
f 1430/991/2201 1464/993/2201 1406/992/2201
f 1431/994/2202 1439/954/2202 1405/952/2202
f 1464/993/2203 1432/996/2203 1466/995/2203
f 1432/996/2204 1433/998/2204 1467/997/2204
f 1433/998/2205 1434/1000/2205 1468/999/2205
f 1435/1001/2206 1469/1382/2206 1468/999/2206
f 1435/1001/1143 1436/1003/1143 1470/1002/1143
f 1436/1003/2207 1437/1005/2207 1471/1004/2207
f 1438/1006/2208 1472/1007/2208 1471/1004/2208
f 1431/994/2209 1465/1381/2209 1472/1007/2209
f 1473/1495/2210 1474/1386/2210 1498/1494/2210
f 1498/1494/27 1497/1512/27 1496/1383/27
f 1496/1383/27 1495/1511/27 1494/1510/27
f 1494/1510/27 1493/1509/27 1492/1010/27
f 1492/1010/27 1491/1508/27 1490/1507/27
f 1490/1507/27 1489/1506/27 1488/1384/27
f 1488/1384/27 1487/1505/27 1486/1504/27
f 1486/1504/27 1485/1503/27 1484/1009/27
f 1484/1009/27 1483/1502/27 1482/1501/27
f 1482/1501/27 1481/1500/27 1480/1385/27
f 1480/1385/27 1479/1499/27 1478/1498/27
f 1478/1498/27 1477/1497/27 1476/1008/27
f 1476/1008/2211 1475/1496/2211 1473/1495/2211
f 1473/1495/2212 1498/1494/2212 1496/1383/2212
f 1496/1383/27 1494/1510/27 1492/1010/27
f 1492/1010/27 1490/1507/27 1488/1384/27
f 1488/1384/27 1486/1504/27 1484/1009/27
f 1484/1009/27 1482/1501/27 1480/1385/27
f 1480/1385/27 1478/1498/27 1476/1008/27
f 1476/1008/2213 1473/1495/2213 1496/1383/2213
f 1496/1383/27 1492/1010/27 1488/1384/27
f 1488/1384/27 1484/1009/27 1480/1385/27
f 1480/1385/27 1476/1008/27 1496/1383/27
f 1474/1386/2214 1473/1495/2214 1499/1013/2214
f 1499/1013/27 1506/1517/27 1505/1012/27
f 1505/1012/27 1504/1516/27 1503/1515/27
f 1503/1515/27 1502/1514/27 1501/1011/27
f 1501/1011/2215 1500/1513/2215 1474/1386/2215
f 1474/1386/2216 1499/1013/2216 1505/1012/2216
f 1505/1012/27 1503/1515/27 1501/1011/27
f 1408/1014/2217 1407/1016/2217 1475/1015/2217
f 1434/1017/2218 1433/889/2218 1501/1018/2218
f 1422/1019/2219 1421/888/2219 1489/886/2219
f 1408/1014/2220 1476/1387/2220 1477/1020/2220
f 1434/1017/2221 1502/1388/2221 1503/1022/2221
f 1422/1019/2222 1490/1389/2222 1491/1024/2222
f 1410/1026/2223 1409/1021/2223 1477/1020/2223
f 1436/1027/2224 1435/1029/2224 1503/1028/2224
f 1424/1030/1156 1423/1025/1156 1491/1024/1156
f 1410/1032/2225 1478/1518/2225 1479/1031/2225
f 1436/1027/2226 1504/1391/2226 1505/1034/2226
f 1425/1036/1159 1424/1030/1159 1492/1037/1159
f 1412/1038/2227 1411/1033/2227 1479/1031/2227
f 1437/1035/1161 1505/1034/1161 1506/1039/1161
f 1425/1036/1162 1493/1392/1162 1494/1041/1162
f 1412/1038/1163 1480/1393/1163 1481/1043/1163
f 1438/1040/2228 1506/1039/2228 1499/1045/2228
f 1427/1047/1165 1426/1049/1165 1494/1048/1165
f 1413/1044/2229 1481/1043/2229 1482/1050/2229
f 1427/1047/2230 1495/1394/2230 1496/1052/2230
f 1415/1054/2231 1414/1051/2231 1482/1050/2231
f 1428/1053/2232 1496/1052/2232 1497/1055/2232
f 1415/1054/2233 1483/1395/2233 1484/1057/2233
f 1429/1056/2234 1497/1055/2234 1498/1059/2234
f 1416/1058/2235 1484/1057/2235 1485/1061/2235
f 1464/1063/2236 1430/1060/2236 1498/1059/2236
f 1418/1064/2237 1417/1062/2237 1485/1061/2237
f 1439/1065/2238 1431/1067/2238 1499/1066/2238
f 1418/1069/2239 1486/1519/2239 1487/1068/2239
f 1432/1071/2240 1464/1073/2240 1474/1072/2240
f 1420/887/2241 1419/1070/2241 1487/1068/2241
f 1439/1074/2242 1473/1520/2242 1475/1015/2242
f 1526/1075/2243 1525/1077/2243 1509/1076/2243
f 1523/1079/2244 771/1117/2244 772/1078/2244
f 1522/1081/2245 1526/1075/2245 1510/1082/2245
f 1524/1080/2246 772/1078/2246 773/1086/2246
f 1520/1088/2247 1522/1090/2247 1511/1089/2247
f 1513/1094/2248 1530/1158/2248 1529/1093/2248
f 1521/1100/2249 773/1303/2249 1508/1099/2249
f 1006/1102/2250 766/1104/2250 781/1103/2250
f 1517/1105/2251 1516/1107/2251 768/1106/2251
f 1514/1109/2252 1507/1115/2252 765/1108/2252
f 1527/1111/2253 1517/1113/2253 769/1112/2253
f 1518/1101/2254 1508/1099/2254 1509/1076/2254
f 1507/1115/2255 1514/1109/2255 1531/1116/2255
f 1527/1111/2256 770/1402/2256 771/1117/2256
f 1004/1119/2257 785/1404/2257 787/1118/2257
f 1004/1119/2258 1005/1122/2258 786/1121/2258
f 1008/111/2259 1514/1109/2259 1515/1110/2259
f 1010/1123/2260 1009/1124/2260 1516/1107/2260
f 1011/1125/2261 1010/1126/2261 1517/1113/2261
f 1016/1127/2262 1518/1101/2262 1525/1077/2262
f 1026/1129/2263 1519/1405/2263 1514/1109/2263
f 1012/1130/2264 1011/1125/2264 1527/1111/2264
f 1014/794/2265 1521/1100/2265 1518/1101/2265
f 1026/1129/2266 1020/1131/2266 1520/1088/2266
f 1020/1131/2267 1019/1132/2267 1522/1090/2267
f 1013/1133/2268 1524/1080/2268 1521/1087/2268
f 1019/1135/2269 1018/1136/2269 1526/1075/2269
f 1013/1133/2270 1012/1130/2270 1523/1079/2270
f 1018/1136/2271 1017/1128/2271 1525/1077/2271
f 1531/1138/566 1537/1168/566 1534/1137/566
f 1529/1141/567 1535/1153/567 1539/1140/567
f 1519/1143/2272 1520/1145/2272 1533/1144/2272
f 1512/1147/1747 1529/1523/1747 1533/1146/1747
f 1513/1094/2273 1507/1149/2273 1528/1148/2273
f 1519/1143/2274 1532/1159/2274 1531/1150/2274
f 1535/1153/572 1541/1177/572 1545/1152/572
f 1538/1154/581 1539/1156/581 1545/1155/581
f 1530/1158/1752 1536/1160/1752 1535/1157/1752
f 1531/1150/576 1532/1159/576 1538/1154/576
f 1528/1148/1751 1534/1171/1751 1536/1160/1751
f 1532/1159/574 1533/1144/574 1539/1156/574
f 1540/1162/1753 1546/1191/1753 1548/1161/1753
f 1543/1164/578 1544/1166/578 1550/1165/578
f 1537/1168/580 1543/1179/580 1540/1167/580
f 1536/1160/1750 1542/1163/1750 1541/1169/1750
f 1537/1170/583 1538/1154/583 1544/1166/583
f 1534/1171/1754 1540/1162/1754 1542/1163/1754
f 1547/1173/584 1553/1524/584 1557/1172/584
f 1550/1165/593 1551/1176/593 1557/1175/593
f 1544/1166/589 1545/1155/589 1551/1176/589
f 1541/1177/587 1547/1173/587 1551/1174/587
f 1543/1179/588 1549/1188/588 1546/1178/588
f 1542/1163/1756 1548/1161/1756 1547/1180/1756
f 1552/1182/1757 1558/1212/1757 1560/1181/1757
f 1555/1184/590 1556/1186/590 1562/1185/590
f 1549/1188/592 1555/1525/592 1552/1187/592
f 1548/1161/1755 1554/1183/1755 1553/1189/1755
f 1549/1190/2275 1550/1165/2275 1556/1186/2275
f 1546/1191/1758 1552/1182/1758 1554/1183/1758
f 1559/1193/596 1565/1526/596 1569/1192/596
f 1562/1185/605 1563/1196/605 1569/1195/605
f 1556/1186/601 1557/1175/601 1563/1196/601
f 1553/1197/599 1559/1193/599 1563/1194/599
f 1555/1200/600 1561/1207/600 1558/1199/600
f 1554/1183/1760 1560/1181/1760 1559/1202/1760
f 1569/1192/602 1565/1526/602 1566/1203/602
f 1567/1205/603 1568/1204/603 1566/1203/603
f 1561/1207/604 1567/1527/604 1564/1206/604
f 1560/1181/1759 1566/1211/1759 1565/1208/1759
f 1561/1209/607 1562/1185/607 1568/1210/607
f 1558/1212/1761 1564/1528/1761 1566/1211/1761
f 1571/1214/608 1587/1529/608 1588/1213/608
f 1570/1217/609 1586/1530/609 1589/1216/609
f 1577/1220/610 1594/1257/610 1593/1219/610
f 1576/1223/611 1593/1531/611 1590/1222/611
f 951/1226/610 1580/1532/610 1578/1225/610
f 953/1227/612 1578/1225/612 1579/1228/612
f 962/1231/608 1583/1233/608 1585/1230/608
f 959/1234/613 1584/1533/613 1583/1233/613
f 1570/1236/27 1579/1409/27 1578/1235/27
f 1571/1238/27 1572/1237/27 1578/1235/27
f 1571/1238/27 1580/1408/27 1581/1239/27
f 1570/1236/27 1573/1242/27 1582/1241/27
f 1575/1243/27 1577/1245/27 1583/1244/27
f 1576/1246/27 1585/1411/27 1583/1244/27
f 1575/1243/27 1584/1410/27 1582/1241/27
f 1576/1246/27 1574/1240/27 1581/1239/27
f 1587/1248/27 1590/1253/27 1591/1247/27
f 1588/1249/27 1591/1247/27 1589/1250/27
f 1590/1253/27 1593/1534/27 1594/1252/27
f 1591/1247/27 1594/1252/27 1592/1254/27
f 1573/1218/614 1589/1216/614 1592/1255/614
f 1575/1258/615 1592/1535/615 1594/1257/615
f 1574/1224/616 1590/1222/616 1587/1259/616
f 1572/1215/617 1588/1213/617 1586/1261/617
f 1616/1264/27 1605/73/27 1604/1263/27
f 1605/73/27 1607/1268/27 1606/1266/27
f 1607/1268/2276 1609/46/2276 1608/1267/2276
f 1604/1263/2277 1606/1266/2277 1596/1269/2277
f 1612/1272/2278 1602/1278/2278 1601/1271/2278
f 1614/1274/2279 1610/1276/2279 1603/1275/2279
f 1613/1277/2280 1603/1275/2280 1602/1278/2280
f 1617/1265/2281 1604/1263/2281 1595/1270/2281
f 1598/1280/2282 1613/1277/2282 1612/1272/2282
f 1597/1281/2283 1614/1274/2283 1613/1277/2283
f 1599/1282/2284 1612/1272/2284 1611/1273/2284
f 1610/1276/2285 1614/1274/2285 1606/1266/2285
f 1596/1269/2286 1606/1266/2286 1614/1274/2286
f 968/493/1235 967/55/1235 1598/1284/1235
f 975/42/1236 978/45/1236 1607/1268/1236
f 968/1285/2287 345/1287/2287 890/1286/2287
f 968/493/1238 1599/1412/1238 1600/1288/1238
f 994/1290/1239 1611/1536/1239 1601/1289/1239
f 982/93/2288 353/529/2288 891/1292/2288
f 972/86/1241 1603/84/1241 1610/1293/1241
f 970/505/1242 1601/1537/1242 1602/1295/1242
f 899/1297/638 900/1538/638 1512/1147/638
f 898/1299/639 899/1539/639 1511/1298/639
f 1509/1076/640 897/1300/640 898/1299/640
f 1508/1099/641 902/1302/641 903/1301/641
f 1515/1110/2289 765/1108/2289 786/1121/2289
f 1513/1094/643 907/1305/643 905/1304/643
f 906/1306/644 907/1305/644 1513/1094/644
f 1507/1115/645 905/1307/645 904/1108/645
l 82 85
l 275 380
l 239 427
l 427 435
l 615 614
l 616 615
l 617 616
l 618 617
l 619 618
l 620 619
l 622 621
l 623 622
l 624 623
l 625 624
l 626 625
l 627 626
l 628 627
l 393 893
l 989 992
l 1178 1228
l 1359 1358
l 1360 1359
l 617 1360
l 1361 617
l 1362 1361
l 1363 1362
l 1365 1364
l 1366 1365
l 624 1366
l 1367 624
l 1368 1367
l 1369 1368
l 1370 1369
o Circle
v -1.693441 0.673266 -0.000003
v -1.686397 0.673960 -0.000003
v -1.679623 0.676014 -0.000003
v -1.673381 0.679351 -0.000003
v -1.667910 0.683841 -0.000003
v -1.663419 0.689313 -0.000003
v -1.660083 0.695555 -0.000003
v -1.658028 0.702329 -0.000003
v -1.657334 0.709373 -0.000003
v -1.658028 0.716417 -0.000003
v -1.660083 0.723190 -0.000003
v -1.663419 0.729433 -0.000003
v -1.667910 0.734904 -0.000003
v -1.673381 0.739395 -0.000003
v -1.679623 0.742731 -0.000003
v -1.686397 0.744786 -0.000003
v -1.693441 0.745480 -0.000003
v -1.700485 0.744786 -0.000003
v -1.707259 0.742731 -0.000003
v -1.713501 0.739395 -0.000003
v -1.718972 0.734904 -0.000003
v -1.723463 0.729433 -0.000003
v -1.726799 0.723190 -0.000003
v -1.728854 0.716417 -0.000003
v -1.729548 0.709373 -0.000003
v -1.728854 0.702329 -0.000003
v -1.726799 0.695555 -0.000003
v -1.723463 0.689313 -0.000003
v -1.718972 0.683841 -0.000003
v -1.713501 0.679351 -0.000003
v -1.707259 0.676014 -0.000003
v -1.700485 0.673960 -0.000003
l 1619 1618
l 1620 1619
l 1621 1620
l 1622 1621
l 1623 1622
l 1624 1623
l 1625 1624
l 1626 1625
l 1627 1626
l 1628 1627
l 1629 1628
l 1630 1629
l 1631 1630
l 1632 1631
l 1633 1632
l 1634 1633
l 1635 1634
l 1636 1635
l 1637 1636
l 1638 1637
l 1639 1638
l 1640 1639
l 1641 1640
l 1642 1641
l 1643 1642
l 1644 1643
l 1645 1644
l 1646 1645
l 1647 1646
l 1648 1647
l 1649 1648
l 1618 1649
